Parameters: {'batch_size': 20, 'context_len': 512, 'n_embd': 512, 'n_feed_forward': 2048, 'n_head': 8, 'n_layer': 6, 'dropout': 0.1, 'learning_rate': 0.001, 'betas': [0.9, 0.98], 'weight_decay': 0.01, 'eps': 1e-09, 'start_iter': 0, 'max_iters': 15000, 'eval_interval': 100, 'save_interval': 1000, 'eval_iters': 30, 'texts_sample_frac': 1.0, 'split_frac': 0.85, 'n_checkpoints_keep': 10, 'top_k': 30, 'temperature': 0.7, 'path_tokenizer': 'artifacts/tokenizers/gpt2_ptbr_50k', 'tokenizer_vocab_size': None, 'path_input': '/kaggle/input/text-v20/df_full_encoded_v20.pq', 'path_input_encoded': None, 'encode_input': False, 'device': 'cuda', 'path_models': '/kaggle/working/models', 'name': 'v21_kaggle_0', 'n_tokens_generate': 600, 'context': 'Escrevo sob efeito de horrores inimagináveis.', 'path_load_model': None, 'path_load_optim': None, 'dummy': False, 'params_path': 'params/v21_kaggle_0.yaml', 'grad_accum_steps': 5, 'warmup_steps': 1000, 'dynamic_lr': False, 'tqdm_eval': False, 'kwargs': {}, 'now': '2025-10-26_16-53-50'}
Tensorboard file...
DataLoaderBpeV3 init...
context_len=512, batch_size=20, device='cuda', split_frac=0.85
Tokenizer...
Dataset...
self.vocab_size_tokenizer=50257
self.df_full.shape=(179, 16)
self.df_full.value_counts(['author']).sort_index().reset_index()=      author  count
0       king     65
1  lovecraft    114
self.df_full.value_counts(['author','class']).sort_index().reset_index()=      author             class  count
0       king           bachman      6
1       king            contos     12
2       king              king     40
3       king       torre_negra      7
4  lovecraft         Apêndices     12
5  lovecraft  Ciclo de Cthulhu     20
6  lovecraft  Ciclo dos Sonhos     20
7  lovecraft        Miscelânea     24
8  lovecraft           Poesias     38
load_data...

Samples:
text_sample[:2_000]='TRÊS\nO MÉTODO DEDUTIVO.\nA CIDENTES E ESTATÍSTICAS.\nPOSSIBILIDADES ESPECULATIVAS.\nPRESSÃO NAS TRINCHEIRAS.\nO PROBLEMA DE BETIIANY.\nCOMEÇA A DESCIDA.\n1\n— Há coisa de uma hora, essa garotinha disse algo interessante — observou Robert Jenkins subitamente.\nNesse meio tempo, a garotinha em questão terminara dormindo, apesar de suas dúvidas a este respeito. Albert Kaussner também estivera cabeceando, talvez desejoso de retornar, mais uma vez, àquelas ruas míticas de Tombstone. Havia tirado o estojo de seu violino do compartimento acima das poltronas e agora o segurava atravessado no colo.\n— Hum? — exclamou, endireitando-se no assento.\n— Lamento — disse Jenkins. — Estava cochilando?\n— De jeito nenhum — respondeu Albert. — Estava bem acordado. — Virou dois enormes olhos injetados de sangue na direção de Jenkins, a fim de provar o que dizia. Uma sombra escura jazia sob cada um. Jenkins achou-o um pouco parecido a um guaxinim. — O que foi que ela disse?\n— Ela disse para a Srta. Stevenson que talvez não conseguisse dormir, porque já havia dormido. Anteriormente.\nAlbert contemplou Dinah por um momento.\n— Bem, pois ela agora dormiu — disse.\n— Eu sei, mas não é esta a questão, meu garoto. Em absoluto!\nAlbert considerou falar ao Sr. Jenkins que Ace Kaussner, o hebreu mais rápido a oeste do Mississippi e o único texano que sobrevivera à Batalha de Álamo, não admitia ser chamado de "meu garoto", mas decidiu esquecer... pelo menos por enquanto.\n— Sendo assim, qual é a questão? — perguntou.\n— Eu também estava dormindo. Peguei no sono ainda antes de o comandante — nosso comandante original, quero dizer — desligar a luz do aviso NÃO FUMAR. Comigo sempre foi assim. Em trens, ônibus, aviões — adormeço como um bebê no momento em que ligam os motores. E quanto a você, meu garoto?\n— Quanto a mim, o quê?\n— Estava dormindo? Estava, não?\n— Bem, sim.\n— Estávamos todos dormindo. E todas as pessoas que desapareceram estavam acordadas.\nAlbert refletiu no que ouvira.\n— Bem... é possível.\n— Bobagem — '
len(text_sample)=1000000
len(chars)=105 chars=['\n', ' ', '!', '"', "'", '(', ')', '*', ',', '-', '.', '0', '1', '2', '3', '4', '5', '6', '7', '8', '9', ':', ';', '<', '>', '?', 'A', 'B', 'C', 'D', 'E', 'F', 'G', 'H', 'I', 'J', 'K', 'L', 'M', 'N', 'O', 'P', 'Q', 'R', 'S', 'T', 'U', 'V', 'W', 'X', 'Y', 'Z', ']', '_', 'a', 'b', 'c', 'd', 'e', 'f', 'g', 'h', 'i', 'j', 'k', 'l', 'm', 'n', 'o', 'p', 'q', 'r', 's', 't', 'u', 'v', 'w', 'x', 'y', 'z', 'º', 'À', 'Á', 'Â', 'Ã', 'Ç', 'É', 'Ê', 'Í', 'Ó', 'Õ', 'Ú', 'à', 'á', 'â', 'ã', 'ç', 'é', 'ê', 'í', 'ó', 'ô', 'õ', 'ú', '—']
len(tokens_sample)=218787 tokens_sample[:100]=[26805, 199, 47, 28860, 3212, 3225, 1710, 26097, 4697, 14973, 14, 199, 33, 367, 5981, 25657, 315, 12368, 38104, 51, 4697, 31805, 14, 199, 16501, 29240, 36386, 5981, 36779, 34097, 4196, 11055, 38107, 14, 199, 25163, 36406, 28043, 9343, 2585, 9900, 4600, 12590, 14, 199, 47, 44371, 23571, 1710, 21099, 4697, 41, 2961, 57, 14, 199, 31218, 37, 9657, 336, 8715, 9030, 4183, 14, 199, 17, 199, 289, 2660, 545, 263, 335, 1172, 12, 1091, 6330, 422, 1093, 5420, 316, 4553, 7082, 15154, 4925, 14, 199, 10241, 887, 653, 12, 259, 6330, 326, 2833, 14272, 3427, 12, 2431, 263, 987]
tokens[:100]=[1, 2, 7, 8, 9, 12, 13, 14, 16, 17, 18, 19, 20, 21, 22, 23, 24, 25, 26, 27, 28, 30, 31, 33, 34, 35, 36, 37, 38, 39, 40, 41, 42, 43, 44, 45, 46, 47, 48, 50, 51, 52, 53, 54, 55, 56, 57, 58, 61, 63, 65, 66, 67, 68, 69, 70, 71, 72, 73, 74, 75, 76, 77, 78, 79, 80, 81, 82, 83, 84, 85, 86, 88, 89, 90, 199, 221, 257, 258, 259, 260, 261, 262, 263, 264, 265, 266, 267, 268, 269, 270, 271, 272, 273, 274, 275, 276, 277, 278, 279]

Sample tokens in actual dataset:
vocab_size_tokens=18638
estimated_starting_loss=9.832958221435547

Tokens in tokenizer:
vocab_size_tokenizer=50257
estimated_starting_loss_=10.824905395507812

Chars/Tokens statistics:
Chars:
len_corpus=63.223324 len_splits={'eval': 11.692287, 'train': 51.531037} M chars
Tokens:
len_corpus=14.00859 len_splits={'eval': 2.554477, 'train': 11.454113} M tokens
batch_size_tokens=10240
batch_size_tokens_accum=51200

Initializing model...
model=GPTLanguageModel(
  (token_embedding_table): Embedding(50257, 512)
  (position_embedding_table): Embedding(512, 512)
  (blocks): Sequential(
    (0): Block(
      (self_attention): MultiHeadAttention(
        (heads): ModuleList(
          (0-7): 8 x Head(
            (key): Linear(in_features=512, out_features=64, bias=False)
            (query): Linear(in_features=512, out_features=64, bias=False)
            (value): Linear(in_features=512, out_features=64, bias=False)
            (dropout): Dropout(p=0.1, inplace=False)
          )
        )
        (proj): Linear(in_features=512, out_features=512, bias=True)
        (dropout): Dropout(p=0.1, inplace=False)
      )
      (feed_forward): FeedForward(
        (net): Sequential(
          (0): Linear(in_features=512, out_features=2048, bias=True)
          (1): ReLU()
          (2): Linear(in_features=2048, out_features=512, bias=True)
          (3): Dropout(p=0.1, inplace=False)
        )
      )
      (layer_norm1): LayerNorm((512,), eps=1e-05, elementwise_affine=True)
      (layer_norm2): LayerNorm((512,), eps=1e-05, elementwise_affine=True)
    )
    (1): Block(
      (self_attention): MultiHeadAttention(
        (heads): ModuleList(
          (0-7): 8 x Head(
            (key): Linear(in_features=512, out_features=64, bias=False)
            (query): Linear(in_features=512, out_features=64, bias=False)
            (value): Linear(in_features=512, out_features=64, bias=False)
            (dropout): Dropout(p=0.1, inplace=False)
          )
        )
        (proj): Linear(in_features=512, out_features=512, bias=True)
        (dropout): Dropout(p=0.1, inplace=False)
      )
      (feed_forward): FeedForward(
        (net): Sequential(
          (0): Linear(in_features=512, out_features=2048, bias=True)
          (1): ReLU()
          (2): Linear(in_features=2048, out_features=512, bias=True)
          (3): Dropout(p=0.1, inplace=False)
        )
      )
      (layer_norm1): LayerNorm((512,), eps=1e-05, elementwise_affine=True)
      (layer_norm2): LayerNorm((512,), eps=1e-05, elementwise_affine=True)
    )
    (2): Block(
      (self_attention): MultiHeadAttention(
        (heads): ModuleList(
          (0-7): 8 x Head(
            (key): Linear(in_features=512, out_features=64, bias=False)
            (query): Linear(in_features=512, out_features=64, bias=False)
            (value): Linear(in_features=512, out_features=64, bias=False)
            (dropout): Dropout(p=0.1, inplace=False)
          )
        )
        (proj): Linear(in_features=512, out_features=512, bias=True)
        (dropout): Dropout(p=0.1, inplace=False)
      )
      (feed_forward): FeedForward(
        (net): Sequential(
          (0): Linear(in_features=512, out_features=2048, bias=True)
          (1): ReLU()
          (2): Linear(in_features=2048, out_features=512, bias=True)
          (3): Dropout(p=0.1, inplace=False)
        )
      )
      (layer_norm1): LayerNorm((512,), eps=1e-05, elementwise_affine=True)
      (layer_norm2): LayerNorm((512,), eps=1e-05, elementwise_affine=True)
    )
    (3): Block(
      (self_attention): MultiHeadAttention(
        (heads): ModuleList(
          (0-7): 8 x Head(
            (key): Linear(in_features=512, out_features=64, bias=False)
            (query): Linear(in_features=512, out_features=64, bias=False)
            (value): Linear(in_features=512, out_features=64, bias=False)
            (dropout): Dropout(p=0.1, inplace=False)
          )
        )
        (proj): Linear(in_features=512, out_features=512, bias=True)
        (dropout): Dropout(p=0.1, inplace=False)
      )
      (feed_forward): FeedForward(
        (net): Sequential(
          (0): Linear(in_features=512, out_features=2048, bias=True)
          (1): ReLU()
          (2): Linear(in_features=2048, out_features=512, bias=True)
          (3): Dropout(p=0.1, inplace=False)
        )
      )
      (layer_norm1): LayerNorm((512,), eps=1e-05, elementwise_affine=True)
      (layer_norm2): LayerNorm((512,), eps=1e-05, elementwise_affine=True)
    )
    (4): Block(
      (self_attention): MultiHeadAttention(
        (heads): ModuleList(
          (0-7): 8 x Head(
            (key): Linear(in_features=512, out_features=64, bias=False)
            (query): Linear(in_features=512, out_features=64, bias=False)
            (value): Linear(in_features=512, out_features=64, bias=False)
            (dropout): Dropout(p=0.1, inplace=False)
          )
        )
        (proj): Linear(in_features=512, out_features=512, bias=True)
        (dropout): Dropout(p=0.1, inplace=False)
      )
      (feed_forward): FeedForward(
        (net): Sequential(
          (0): Linear(in_features=512, out_features=2048, bias=True)
          (1): ReLU()
          (2): Linear(in_features=2048, out_features=512, bias=True)
          (3): Dropout(p=0.1, inplace=False)
        )
      )
      (layer_norm1): LayerNorm((512,), eps=1e-05, elementwise_affine=True)
      (layer_norm2): LayerNorm((512,), eps=1e-05, elementwise_affine=True)
    )
    (5): Block(
      (self_attention): MultiHeadAttention(
        (heads): ModuleList(
          (0-7): 8 x Head(
            (key): Linear(in_features=512, out_features=64, bias=False)
            (query): Linear(in_features=512, out_features=64, bias=False)
            (value): Linear(in_features=512, out_features=64, bias=False)
            (dropout): Dropout(p=0.1, inplace=False)
          )
        )
        (proj): Linear(in_features=512, out_features=512, bias=True)
        (dropout): Dropout(p=0.1, inplace=False)
      )
      (feed_forward): FeedForward(
        (net): Sequential(
          (0): Linear(in_features=512, out_features=2048, bias=True)
          (1): ReLU()
          (2): Linear(in_features=2048, out_features=512, bias=True)
          (3): Dropout(p=0.1, inplace=False)
        )
      )
      (layer_norm1): LayerNorm((512,), eps=1e-05, elementwise_affine=True)
      (layer_norm2): LayerNorm((512,), eps=1e-05, elementwise_affine=True)
    )
  )
  (ln_f): LayerNorm((512,), eps=1e-05, elementwise_affine=True)
  (lm_head): Linear(in_features=512, out_features=50257, bias=True)
)
n_parameters=70.681681 M parameters

Initializing optimizer...
optimizer=AdamW (
Parameter Group 0
    amsgrad: False
    betas: [0.9, 0.98]
    capturable: False
    differentiable: False
    eps: 1e-09
    foreach: None
    fused: None
    lr: 0.001
    maximize: False
    weight_decay: 0.01
)

Starting training...

Estimating loss...
step 0: val loss 10.9008
Generating 100 tokens from context='Escrevo sob efeito de horrores inimagináveis.'
generated_text: Escrevo sob efeito de horrores inimagináveis. monsie monsie apagavam PELA Imp duvidasse cro mudança circças recic Fujadore Maj errados Sinatra errados Stevenson ar erradoscint fiapos líderes informações informações panoTOUristasConcor bambosWil fiapos Doeudore embcint camponeses Montanha desbotando Montanha papagaiodore mat preservachester rosn recur exataSULeveiffrey fluxos rascunólio desbotando aerocarro probabilidade cro egíp Staggaso rótulos FazendeConcor Sunlight fluxos agarravam Ips portar depoimentostalgiapelpelada Academia aterrissagem Conseguimos relacionadas choradotres byrus engros paranoia Mislaburski aterrissagem trepadeiras odômetroSU Cassie pano meiga aterrissagemchester longo portar relacionadas squeakdore daninhasella permanecera

Estimating loss...
step 100: val loss 7.3908
Generating 100 tokens from context='Escrevo sob efeito de horrores inimagináveis.'
generated_text: Escrevo sob efeito de horrores inimagináveis., — mas, o,. que o no de de para,
 da., —. os... a da. uma
. e, que não,., do que,. e mas não se um e o
 de.
 mais que o. ele. —— como por a de um e no que o —,, que as.— de, a se.. a. com
—
 uma de a a
, um o,
..

Estimating loss...
step 200: val loss 7.1128
Generating 100 tokens from context='Escrevo sob efeito de horrores inimagináveis.'
generated_text: Escrevo sob efeito de horrores inimagináveis.
—


 
—
—


—

, a—
—
— O
—
—
—
—
se os
—
—
—

 — E da

 Ele se
—

,,, que se 
— — ——
—
—
—
—
—
 —.
 Não.

—

—
— E de
—
—
 Não a
—

Estimating loss...
step 300: val loss 6.7731
Generating 100 tokens from context='Escrevo sob efeito de horrores inimagináveis.'
generated_text: Escrevo sob efeito de horrores inimagináveis. — casa. Mas, da que que que que que que,, que.O que a sua cabeça,, a lado.
—
—
— Por um um sua tempo com a tempo. A
—
Ela como um — —
—
—
—
— É, uma disse a momento, e e o sua que a vida por que as —
— — Ela ele e as um noite e que o suase.
— Não de uma um
— O

Estimating loss...
step 400: val loss 6.5714
Generating 100 tokens from context='Escrevo sob efeito de horrores inimagináveis.'
generated_text: Escrevo sob efeito de horrores inimagináveis. Quando a olhos. O mão, não. Os umase, mas a que tinha que a cabeça.
— Não o que o cabeça, a pouco com mas o um coisa a coisa. Não, e e que os sido, tinha ser.
— Sim. Se o uma mão.
— E. — Não não o disse ela.
—
— Não de que não no frente
— Quando a frente.
— Ele com uma noite. Era estava com o que e o

Estimating loss...
step 500: val loss 6.3932
Generating 100 tokens from context='Escrevo sob efeito de horrores inimagináveis.'
generated_text: Escrevo sob efeito de horrores inimagináveis.
— Acho que se havia um porta de fazer.
— Por o que.
— Você está estava.
— Claro, e um pai dos olhos.
— Não não não mas o mão.
— Eu mas o velho um que o mão de ver, mas não estava, não e não não não.
— 
— Então, o que ele era que se ele por um rosto, como o que não e o seu homem.
— Não e o que o quarto

Estimating loss...
step 600: val loss 6.2639
Generating 100 tokens from context='Escrevo sob efeito de horrores inimagináveis.'
generated_text: Escrevo sob efeito de horrores inimagináveis.
— Vamos um dia.
— — O homem, mas as mãos.
— Eu tinha os meus olhos, não ele é, mas o filho e a coisa.
— Sim, e o que você o pai se encontrava, mas, mas mas ele foi as olhos. — disse que a ele não eu eles.
— A cabeça. — perguntou.
-- Eu eu não se olhos da única e o menos a boca.
— Se a casa, mas não se sentar,

Estimating loss...
step 700: val loss 6.0921
Generating 100 tokens from context='Escrevo sob efeito de horrores inimagináveis.'
generated_text: Escrevo sob efeito de horrores inimagináveis.
— Não é o que o que o que o que a vida. Ele tinha se lembrou:
— O mundo no vezes tinha ter certeza. O nome da frente, e o que, e, só me deu uma coisa de novo. O que eu disse que o tempo.
— Talvez o que ele, em um dos dedos de frente de um de novo, por um momento na cabeça. — disse a cabeça.
— Eu o mesmo. — disse uma mulher.
— Por

Estimating loss...
step 800: val loss 6.0637
Generating 100 tokens from context='Escrevo sob efeito de horrores inimagináveis.'
generated_text: Escrevo sob efeito de horrores inimagináveis.
— Sim, sim.
— Não se deu uma nova.
A resposta — Acho que a mão da cabeça.
— Por seu lado.
— Talvez ele é uma das pessoas tinha?
— Mas você não é. Não, mas não estava que estava bem, com a gente o que você foi uma história de um pouco, mas é.
—
— Não é que, mas ele, mas ela não não está olhou para você... e ele.
— Não...

Estimating loss...
step 900: val loss 5.9798
Generating 100 tokens from context='Escrevo sob efeito de horrores inimagináveis.'
generated_text: Escrevo sob efeito de horrores inimagináveis.
— Você disse ele.
— Não me levantou.
— Você tinha?
— O que é o carro. — E o que foi o que era uma?
— Tudo a mãe.
— Claro que o filho de que isso, mas em volta para ele sabe? — falou? — disse você é o que um pouco na mãe disse.
— Eu se preocupar.
— Você estava a voz e eu está o que é — disse que você?
— Você está

Estimating loss...
step 1000: val loss 5.9287
Generating 100 tokens from context='Escrevo sob efeito de horrores inimagináveis.'
generated_text: Escrevo sob efeito de horrores inimagináveis. A vida de um ou a menos e tão de uma vez.
—
— Você— Eu se levantou. O que o mesmo de novo, com mim, um pouco de novo.
— O cheiro de Eddie.
— É um sorriso — disse ele, eu vou dar um pouco em uma coisa, mas estava vendo as lágrimas. Não?
Clay deu uma coisa — disse o que a mãe e no bolso do que não sabe, como,
— A vida no quarto, o
Saving checkpoint to /kaggle/working/models/v21_kaggle_0/checkpoints/1000.pth
Saving optimizer state to /kaggle/working/models/v21_kaggle_0/checkpoints/optim.pth

Estimating loss...
step 1100: val loss 5.8532
Generating 100 tokens from context='Escrevo sob efeito de horrores inimagináveis.'
generated_text: Escrevo sob efeito de horrores inimagináveis.
O pai.
— Mas é — disse ela?
— Eu sei, e eu quero...
— Você sabe.
— É: — disse a mão para você — disse. — Ele disse a cabeça.
— Ele não?
— E não estava com isso, mas só você está o que não, se abriu.
— Acho que o que ela.
—
— Vou pensar. — disse o cara, com o filho.
—
— É o filho

Estimating loss...
step 1200: val loss 5.8517
Generating 100 tokens from context='Escrevo sob efeito de horrores inimagináveis.'
generated_text: Escrevo sob efeito de horrores inimagináveis.
— Não é que eu disse ele está em um. — respondeu, mas é o
—
— Você não?
— E ele foi mais ou mais, a porta dele e o nome para a cabeça.
— Você sabe que não, e a cabeça. — ele.
— Tem mais que ela não é para a mulher do que você.
— Ele o rosto.
— Não sei que ele vai ter ficado morto, mas não era um bom. — disse...


Estimating loss...
step 1300: val loss 5.7910
Generating 100 tokens from context='Escrevo sob efeito de horrores inimagináveis.'
generated_text: Escrevo sob efeito de horrores inimagináveis.
A caixa de uma vez de sua mão, uma mão, e um momento.
E, eu tinha sido o que era mais uma das três anos, e um pouco
O mundo: o ar de um lado.
Um homem. Ele estava lá, a coisa, uma olhada até os três anos, e a outra outra coisa e o que não vai ser
-- Vamos acontecer, não podia estar.
— Eu está no momento. — disse.
— Você pode fazer isso?

Estimating loss...
step 1400: val loss 5.7396
Generating 100 tokens from context='Escrevo sob efeito de horrores inimagináveis.'
generated_text: Escrevo sob efeito de horrores inimagináveis.
— — disse ele?
— Se você também, mas se você. Ele não sei que você não estava no momento como se quiser. — perguntou.
— Você está se ele e o que você, a coisa a mãe estava com o homem.
— O que não é, não é uma coisa que eu não havia que não pode ser uma mulher. Não, e eu acho que ela não disse que ela, e a ideia de pegar a cabeça, mas não havia saído dele,

Estimating loss...
step 1500: val loss 5.7173
Generating 100 tokens from context='Escrevo sob efeito de horrores inimagináveis.'
generated_text: Escrevo sob efeito de horrores inimagináveis. Um ano, e a um livro do que não estivesse pensando em direção para fazer. Eles não há uma vez. Os olhos. O que estava a primeira vez, embora o que eu não mais alto e dois dias a mão na parte de um pouco nenhum homem que os seus dedos no canto da boca.
A tarde que tinha sido uma longa. Mas a mão para o que eu não era um deles e não conseguia dar um homem que o que não se estivesse vendo o que era o que o

Estimating loss...
step 1600: val loss 5.6902
Generating 100 tokens from context='Escrevo sob efeito de horrores inimagináveis.'
generated_text: Escrevo sob efeito de horrores inimagináveis.
estava com um momento. E a um grande de que era o pai estava muito. Não se virou para a cabeça de sua própria mão, mas, e um homem, mas não o que a boca, de um pouco de uma das mãos do meio da tarde e o sol, e a janela com o suficiente para a mesma coisa no mundo se vira um momento, e o nariz.
As quatro anos.
—
— Você fala?
— Se ela, eu, e um jeito

Estimating loss...
step 1700: val loss 5.6904
Generating 100 tokens from context='Escrevo sob efeito de horrores inimagináveis.'
generated_text: Escrevo sob efeito de horrores inimagináveis. Havia um carro no momento, e o seu nome de um homem, que se havia um homem, a frente, e não era um grande e, os outros meses por um pedaço de um dos outros e com o nome de sol, os homens, mas quando uma região.
se em um deles, e que tinham ficado muito.
— Não — disse ela, uma pergunta.
— Isso é a frente. — Não houve uma coisa. — O que está na cabeça do rosto para casa

Estimating loss...
step 1800: val loss 5.6634
Generating 100 tokens from context='Escrevo sob efeito de horrores inimagináveis.'
generated_text: Escrevo sob efeito de horrores inimagináveis.
— O que não era um pouco, mas ela, e depois da rua, com a cabeça dele, ou menos na minha mãe não é um sujeito de que a sua própria cabeça.
— O quê?
— Tudo, ela. Você está?
—
— Claro. — E
—
— Mas você está.
— É melhor é uma careta para a ela. Você está aqui. Ela está vendo um pouco por volta, como se virou.
— Você tem que

Estimating loss...
step 1900: val loss 5.6508
Generating 100 tokens from context='Escrevo sob efeito de horrores inimagináveis.'
generated_text: Escrevo sob efeito de horrores inimagináveis.
que as mãos, mas no bolso da parede, mas, e, a maior parte.
— Ela disse ela.
— O rosto no braço.
— Sim, Jack?
Jack concordou.
—
—
— O capitão sorriu.
—
— Ah!
— O que é que está falando.
—
— O que está falando.
— Não — disse ela, com a cabeça.
—
—
—
— O
—
—

Estimating loss...
step 2000: val loss 5.6090
Generating 100 tokens from context='Escrevo sob efeito de horrores inimagináveis.'
generated_text: Escrevo sob efeito de horrores inimagináveis.
Ele de um som do que ele estava em um homem e eu ainda mais de uma das paredes de um homem, de uma cidade. As coisas.
O que ele se levantou a rua, porque a vida.
— Acho que você, mas não é que é — disse eu não tenho uma voz.
— Eu não é que eu não é o dinheiro para ele está? — disse: — disse.
— Está bem? — disse. Eu falei.
— É claro.
Saving checkpoint to /kaggle/working/models/v21_kaggle_0/checkpoints/2000.pth
Saving optimizer state to /kaggle/working/models/v21_kaggle_0/checkpoints/optim.pth

Estimating loss...
step 2100: val loss 5.5720
Generating 100 tokens from context='Escrevo sob efeito de horrores inimagináveis.'
generated_text: Escrevo sob efeito de horrores inimagináveis. A porta de uma vez, um pouco de um pequeno, ou a um grande parte de suas botas.
A luz Rock, mas as mãos.
A mulher.
A segunda vez de um homem era sua mão esquerda.
— Que amor no chão — disse que ele, e a mãe, por Deus.
— Você tem uma voz do senhor, mas não quer dizer que o pai, não é só que é a mão dela.
O nome, mas não é melhor.


Estimating loss...
step 2200: val loss 5.5618
Generating 100 tokens from context='Escrevo sob efeito de horrores inimagináveis.'
generated_text: Escrevo sob efeito de horrores inimagináveis. Em um dia, havia sido, e um pouco mais.
— O que ela disse que a voz de que eu tinha que isso, sem dúvida.
— O que é? — disse que eu falei.
— Que não é que você não é que eu estava se eu não vou dizer isso.
— O que você.
— Tudo isso — disse ele, eu quero saber que você. — Mas você.
— Não o que eu estava vendo meu sorriso?
— O

Estimating loss...
step 2300: val loss 5.5466
Generating 100 tokens from context='Escrevo sob efeito de horrores inimagináveis.'
generated_text: Escrevo sob efeito de horrores inimagináveis.
— Você está se eu entendo aqui, é?
— Eu não foi.
— Você vai me sentindo?
— Sim, eu. — falei.
— Foi isso?
— Por que eu disse ele.
— Eu não vai ser?
— Eu tenho uma. Eu estou com um monte de que eu me deixar você.
— Como você vai ser?
— Eu não é.
— Você também.
Ela me lembro.
— Você disse, só

Estimating loss...
step 2400: val loss 5.4807
Generating 100 tokens from context='Escrevo sob efeito de horrores inimagináveis.'
generated_text: Escrevo sob efeito de horrores inimagináveis.
A casa, havia um enorme objeto de repente e a impressão de que, pois era possível, e o primeiro era uma de um que a um longo da porta da casa.
A lua estava se encontrava à casa, de um grito de uma das paredes.
A maioria das árvores verdes e o panorama que havia uma longa casa e o rio e uma massa, havia uma grande parte de um estranho de uma grande parte de árvores mais de pedra.
— Isso era um homem branco.


Estimating loss...
step 2500: val loss 5.5073
Generating 100 tokens from context='Escrevo sob efeito de horrores inimagináveis.'
generated_text: Escrevo sob efeito de horrores inimagináveis.
O homem a uma pequena quantidade de uma história. Havia uma das palavras com um enorme quantidade de um mundo e mais, e os animais de uma vez que a lua e a mais ou sete anos mais ou menos, o que uma longa.
O que um estranho de uma boa e, o mundo que a respeito, com o que o lugar nenhum lugar antes, era apenas um modo algum lugar ao de uma espécie de que fosse uma grande quantidade de um pouco mais tarde, e de uma pessoa

Estimating loss...
step 2600: val loss 5.4809
Generating 100 tokens from context='Escrevo sob efeito de horrores inimagináveis.'
generated_text: Escrevo sob efeito de horrores inimagináveis. Havia um vento e a respeito de um único platô de uma estranha e o homem que a impressão de um tanto que nos arredores da família.
Então, a sua existência do antigo havia obtido o olhar para a coisa havia sido a fim de uma grande, no entanto, e o que o que estava repleta de se tratava de uma das águas, e da forma que o de um único relato de uma enorme e o havia o que o tempo em que as coisas que se erguia aos Anciões.
Então

Estimating loss...
step 2700: val loss 5.4821
Generating 100 tokens from context='Escrevo sob efeito de horrores inimagináveis.'
generated_text: Escrevo sob efeito de horrores inimagináveis. A cidade, e, e a morte, e o facho de um pouco do sol se encontrava. Por fim um pesadelo, porém, é apenas a uma coisa que não era o fim da lanterna e, com a escuridão do interior do velho e a um pouco mais tarde o que estava prestes a chorar.
— Eu já é o que eu não sei que ainda está acontecendo bem — disse o senhor. — Não sei que me lembro com ele me fez, e os dentes, pois eu me lembro

Estimating loss...
step 2800: val loss 5.3932
Generating 100 tokens from context='Escrevo sob efeito de horrores inimagináveis.'
generated_text: Escrevo sob efeito de horrores inimagináveis.
— Oh, não — disse ele. — Você não disse. — A voz, como se eu me disse. — Ele está se sentou à sua mãe.
— Não! — diz.
— Você não foi. — disse.
— Você está mentindo que ele disse ele, e, e eu não disse, e com tanta força.
— Está bem, mas não está me assustou, mas não é isso, e me dá pra ela.
Ela sorriu, com isso me

Estimating loss...
step 2900: val loss 5.3905
Generating 100 tokens from context='Escrevo sob efeito de horrores inimagináveis.'
generated_text: Escrevo sob efeito de horrores inimagináveis.
No dia eu me senti o meu coração, e eu não podia senti muito tempo, que havia feito. Ele estava tentando me virei para mim, pois não podia entender.
"Eu me lembro de mim e me virei para o que não consigo fazer com tanta facilidade, e o que era uma coisa e o olhar de me deixou se eu tinha sido me dizer, então, e me dei ao menos que eu me mostrou, mas me senti errado com a mim, mas eu não foi o que

Estimating loss...
step 3000: val loss 5.3332
Generating 100 tokens from context='Escrevo sob efeito de horrores inimagináveis.'
generated_text: Escrevo sob efeito de horrores inimagináveis.
— Eu me lembrei de volta do dia, a palavra.
— Não vou voltar para mim.
— Ié, Charlie.
— Não vou me deixar?
— Eu não vai dizer isso.
— O quê?
— Eu sei.
— Então.
O que eu estou olhando para o meu colo.
— Eu me dei um lugar. E o que ele, e o senhor diz:
— Eu fui em vez que
— Você me contar, mas me
Saving checkpoint to /kaggle/working/models/v21_kaggle_0/checkpoints/3000.pth
Saving optimizer state to /kaggle/working/models/v21_kaggle_0/checkpoints/optim.pth

Estimating loss...
step 3100: val loss 5.3334
Generating 100 tokens from context='Escrevo sob efeito de horrores inimagináveis.'
generated_text: Escrevo sob efeito de horrores inimagináveis. As pessoas, que a não fossem mais próximos não ser, mas eu não é.
"Por causa de seu último ano, mas os sentimentos. Os mais do que me pergunto "mas eu não, mas o que está me deixa minha mãe, e me ajude aquela pergunta, e não foi se eu.
"Eu me fez ele, meu coração.
— Eu não é minha mãe, mas é você.
— Você sabe, como eu não é o seu mundo que não são o

Estimating loss...
step 3200: val loss 5.2729
Generating 100 tokens from context='Escrevo sob efeito de horrores inimagináveis.'
generated_text: Escrevo sob efeito de horrores inimagináveis.
Para o lugar, o que foi um homem na escuridão.
— O que a um homem não é o homem de sua amada para uma coisa que ele não é a coisa que o seu jovem não é um pouco.
E, uma vez que se não pode ser uma coisa.
— E então, Roland se ele não é?
— Ié, por um homem, não?
— A voz é.
— Não, o que o pistoleiro está acontecendo?
— E o

Estimating loss...
step 3300: val loss 5.2632
Generating 100 tokens from context='Escrevo sob efeito de horrores inimagináveis.'
generated_text: Escrevo sob efeito de horrores inimagináveis. A destruição, e a um tanto em que os meus dias mais velhos de uma longa manhã de verão, e de contas, não tem nada.
A voz de sua voz era a cabeça.
Eu achei que era a coisa, na verdade, o som de um pouco de sol. Não seria nada mais.
O som foi a luz do lado direito e o que se aproximar e me virei para cima.
— Eu não sei!
— Não.
Mas agora o que é que

Estimating loss...
step 3400: val loss 5.2451
Generating 100 tokens from context='Escrevo sob efeito de horrores inimagináveis.'
generated_text: Escrevo sob efeito de horrores inimagináveis. A loucura, as coisas e nos quais muitos homens de horror que não parecem ter sido altamente secretos. Os Anciões, mas não estavam além da noite era a um enorme e mais terrível que os primeiros mais além deles. Mas também não são mais simples, como se a coisa que fosse um dos espécimes humanos para o homem. Mas mesmo que, o terrível, e assim, pois a loucura era o terrível e ao menos de fato, uma vez em meio-dia para a fim das duas lendas. Os

Estimating loss...
step 3500: val loss 5.2468
Generating 100 tokens from context='Escrevo sob efeito de horrores inimagináveis.'
generated_text: Escrevo sob efeito de horrores inimagináveis.
— E o que você pode ficar aqui ou o que ele não é? — perguntou se um dia, se não fosse o som de um pouco melhor. — ele é o que vai estar aqui, e eu só eu não sou, e, mas há uma vez que eu me lembro do mais.
— O que você está fazendo?
— Não se eu?
— Tudo bem.
— Por que você diz que você tem que se fazer.
— Eu sei. E eu

Estimating loss...
step 3600: val loss 5.1918
Generating 100 tokens from context='Escrevo sob efeito de horrores inimagináveis.'
generated_text: Escrevo sob efeito de horrores inimagináveis.
— Eu sei — murmurou. — O que o que eu me lembro de mim, eu.
— Não sei que você é, eu. — Eu me lembrei de pensar no lugar, mesmo.
— Eu tinha um jeito. — Ele disse, mas, ainda estava pensando em como se eu estivesse com um bom tempo, e eu não estava certo. Mas estava me perguntando que eu tinha ido para o seu sonho.
— Não sei que estou aqui, Jamie, o que você fez

Estimating loss...
step 3700: val loss 5.1594
Generating 100 tokens from context='Escrevo sob efeito de horrores inimagináveis.'
generated_text: Escrevo sob efeito de horrores inimagináveis.
— O que se não é que não é? — perguntou a voz de um tom de ar e a um dos lábios, como se fosse uma mulher de um menino. — Eles só têm amigos de seu primeiro.
— Que tal alguém que você sabe o senhor quer dizer, mas não é um respeito de um homem, não é? — perguntou ele, e, a voz dele estava seca que o que o fez. — a esposa de seu pai, com um menino e o afastou a

Estimating loss...
step 3800: val loss 5.1845
Generating 100 tokens from context='Escrevo sob efeito de horrores inimagináveis.'
generated_text: Escrevo sob efeito de horrores inimagináveis.
Os deuses, pois quando a noite ele vê-lo a respeito, o que se eleva o caminho de pedra.
Ao atravessar a porta para ver a janela, o caminho em que se erguia do poço além das janelas, e ao redor, e o corredor havia um lado, o outro lado, e o rio, e a lua cheia de um lado para o outro, e o outro lado para o topo, o qual a porta abria a porta fechada para um lugar onde se estendia a noite

Estimating loss...
step 3900: val loss 5.1269
Generating 100 tokens from context='Escrevo sob efeito de horrores inimagináveis.'
generated_text: Escrevo sob efeito de horrores inimagináveis.
— Não — disse o pistoleiro. — E quando o que vocês têm de falar com um homem, e eu sou tão bonito, mas não sei o que eu acho que o que é uma coisa mais importante é o que você tem, o que não pode ser o mesmo.
— Nada que quer falar — disse Jake, pensando em voz rouca. — Você tem o que eu quero dizer, e acho que não é verdade.
— Isso é um sujeito, mas uma vez em um estado

Estimating loss...
step 4000: val loss 5.1309
Generating 100 tokens from context='Escrevo sob efeito de horrores inimagináveis.'
generated_text: Escrevo sob efeito de horrores inimagináveis.
Mas os gatos de repente se atrevessem em uníssono: o sol do dia em que havia se transformado em um estranho que fora um pesadelo.
E com o terrível momento, o homem que o mundo estava de sua vida, pois a distância, e a noite o que o crepúsculo se encontrava a noite o vento se abriu e se abriu, onde se abriu.
O sol se elevava acima e ele não pôde enxergar.
Quando ele se aproximou e começou a gritar:
Ele a porta se
Saving checkpoint to /kaggle/working/models/v21_kaggle_0/checkpoints/4000.pth
Saving optimizer state to /kaggle/working/models/v21_kaggle_0/checkpoints/optim.pth

Estimating loss...
step 4100: val loss 5.0797
Generating 100 tokens from context='Escrevo sob efeito de horrores inimagináveis.'
generated_text: Escrevo sob efeito de horrores inimagináveis. A criatura me fez, pois uma vez teria feito no mesmo momento, e no entanto, a criatura não se tornara visível. Quando a criatura poderia ser uma criatura, e a criatura tinha dado tempo por um homem que me restava do homem de um homem, de modo que eu jamais poderia ter se sentido da Terra.
"O homem era uma criatura morta e eu sabia que era a criatura que não podia ser capaz de fazer. Eu não sabia do que, não posso ter visto o motivo. O

Estimating loss...
step 4200: val loss 5.0858
Generating 100 tokens from context='Escrevo sob efeito de horrores inimagináveis.'
generated_text: Escrevo sob efeito de horrores inimagináveis.
— Sim, meu Deus, você se não me surpreende — eu disse, e é um professor. Você é a mais importante que vai ser uma coisa.
— Sim, tudo bem — diz ela. — Não, não é, e me chame, mas eu vou ficar feliz de ir se o mundo terminar. — Ela não vai até o quarto, se você não tiver a ver.
— Não é um bom testamento — diz ela.
— Não posso fazer diferença — diz ela.

Estimating loss...
step 4300: val loss 5.0522
Generating 100 tokens from context='Escrevo sob efeito de horrores inimagináveis.'
generated_text: Escrevo sob efeito de horrores inimagináveis.
— O que é?
O capitão não riu um calafrio, mas era o que o pai, mas o pai de Tim era uma vez maior parte do padrasto, e seu pai se afastou. Ele o deixou em paz, mas ele não havia mais nada de Tim.
O capitão fez um olhar, e o olhou para ele.
— Você está morto, Tim?
— Você não sabia? — Tim disse, e então assentiu, e balançou a cabeça. — O que é?

Estimating loss...
step 4400: val loss 5.0264
Generating 100 tokens from context='Escrevo sob efeito de horrores inimagináveis.'
generated_text: Escrevo sob efeito de horrores inimagináveis.
— Eu me esqueci de um modo que você teria encontrado, embora eu não tenha certeza de que...
—
— 
— 
falei. — A pergunta.
—
Eu não sei, mas 
— 
Elizabeth 
disse.
— 
Eu 
— 
Elizabeth 
Sim 
— 
e 
falei.
— 
Está me dizendo 
que a gente está fazendo o 
— 
falei.

Estimating loss...
step 4500: val loss 4.9910
Generating 100 tokens from context='Escrevo sob efeito de horrores inimagináveis.'
generated_text: Escrevo sob efeito de horrores inimagináveis. O que são os deuses, pois eu não são mais para os mais que os deuses humanas tenham se banquete do mundo da Terra. Os deuses de Barzai são de Ulthar, e eu, se atreva, o capitão de Oonai e os homens que, e que os deuses e os deuses dos gatos têmm os deuses do velho Trever. Eles são os deuses que as criaturas, e os deuses mais velhos, os deuses são tão longínquas, e as que os deuses das montanhas distantes, não se encontram.

Estimating loss...
step 4600: val loss 5.0349
Generating 100 tokens from context='Escrevo sob efeito de horrores inimagináveis.'
generated_text: Escrevo sob efeito de horrores inimagináveis. O mais provável do que um velho velho não tem mais ninguém, mas é que um jovem, se pode ter encontrado no mesmo século XVII, e, quando o que há com a magia mais de um tempo, e é o que o povo do terror. É o que um lugar e o terror e um homem da cidade, nem mesmo que é um lugar, no mesmo lugar mais real que você nem precisa ser. E um desses mundos, de fato, os seres medonhos que sejam como são uma criança

Estimating loss...
step 4700: val loss 5.0004
Generating 100 tokens from context='Escrevo sob efeito de horrores inimagináveis.'
generated_text: Escrevo sob efeito de horrores inimagináveis.
Mas, quando as palavras humanas se abriram ao redor das águas e do sol se ergue pelo corredor rumo da Terra de Leng; pois em seguida o medo de que o jovem retornasse à medida que o sol avançava de onde se elevava a cidade do mundo exterior de um pesadelo. No fim das profundezas de uma cripta rochosa, o vulto negro e por algum ponto pavoroso o mais tarde o vale-do ao sul da tarde.
Por fim de seguir o navio de repente o viajante se abriu, e eu

Estimating loss...
step 4800: val loss 4.9750
Generating 100 tokens from context='Escrevo sob efeito de horrores inimagináveis.'
generated_text: Escrevo sob efeito de horrores inimagináveis.
O sr. Tillinghast se abriu. Ao perceber, e a sua voz se deu muito mais forte ao mesmo tempo.
— Minha mãe tem uma chance de encontrar você — disse ela. — Eu não estava com uma coisa? — Não se lembrava de minha mãe, mas não havia problema de alguma. O pior, de alguma maneira como ele pudesse ter de se tornado um sujeito, mas não teria a menor do que dizer, e o que ela tinha visto era mais do que qualquer coisa, e

Estimating loss...
step 4900: val loss 5.0002
Generating 100 tokens from context='Escrevo sob efeito de horrores inimagináveis.'
generated_text: Escrevo sob efeito de horrores inimagináveis. Então, quando eu me perguntei que meu trabalho foi eu que o meu pai contou, eu e eu o vi com os meus pais.
No final de eu, o jeito que tinha vivido a pena de John, e eu sabia ao menos que eu estava escrevendo.
O meu pai nunca tinha me alertado para mim como eu, e a abracei o meu bolso do meu peru. Era como meu pai, eu pensei, mas eu já sabia que eu o que tinha que fazer com ele.
"

Estimating loss...
step 5000: val loss 4.9714
Generating 100 tokens from context='Escrevo sob efeito de horrores inimagináveis.'
generated_text: Escrevo sob efeito de horrores inimagináveis.
O jovem foi encontrado em sua cabeça, mas eu e a luz do sol estava quase todo o meu desejo de não ser tão distante; pois, por mais um tempo, de um tempo, vi que o lado de fora e o que eu havia feito. O homem havia começado a falar com as pessoas que ele havia visto a minha mãe havia se transformado em um homem ou não me enganado, e quando o que ele estava fazendo?
De qualquer forma, ele me perguntou se ele estava no lugar
Saving checkpoint to /kaggle/working/models/v21_kaggle_0/checkpoints/5000.pth
Saving optimizer state to /kaggle/working/models/v21_kaggle_0/checkpoints/optim.pth

Estimating loss...
step 5100: val loss 4.9838
Generating 100 tokens from context='Escrevo sob efeito de horrores inimagináveis.'
generated_text: Escrevo sob efeito de horrores inimagináveis. O que não é ser o caso de todos os Anciões, ou o que não é, uma vez que um homem, o senhor, que não se trate de construir, e não se não puder. Quanto mais nada disse, embora eu tenha sido feito. Mas eu não sei se não soubesse. Os olhos eram mais altos e a do que a nossa altura eram representadas, e agora eles haviam se juntado ao acampamento.
Os olhos, eu vi que ele havia me levado à porta — com certeza

Estimating loss...
step 5200: val loss 4.9374
Generating 100 tokens from context='Escrevo sob efeito de horrores inimagináveis.'
generated_text: Escrevo sob efeito de horrores inimagináveis.
A luz do lugar se torna a se transformar em um templo de terror e uma luz de escuridão. As nuvens se apagam e começam o céu ainda mais adiante, e os ecos de terror se tornaram mais densos do que o caos que eu podia fazer, e um som de uma coisa que já não é uma criatura normal, um homem que tem de uma criatura de tão singular que ele nem mesmo poderia ter que existir na floresta. Ali há uma época, pois o que o homem de seu amigo,

Estimating loss...
step 5300: val loss 4.9564
Generating 100 tokens from context='Escrevo sob efeito de horrores inimagináveis.'
generated_text: Escrevo sob efeito de horrores inimagináveis. Isso é que eu não posso saber o que eu posso.
A voz do meu rosto de meu jovem havia me inspirado no meu próprio rosto, e eu me lembrei muito bem da minha alma e de meu pai. Ele era a minha melhor amiga, porque eu não era minha única vez que não minha mãe nunca tinha. Eu sabia como ela era a minha mãe, mas eu não era.
— Ela não me tinha um sonho. Você não me falou nada, mas eu tenho que acreditar nisso?

Estimating loss...
step 5400: val loss 4.9431
Generating 100 tokens from context='Escrevo sob efeito de horrores inimagináveis.'
generated_text: Escrevo sob efeito de horrores inimagináveis. Em geral, é o que a imaginação é mais recente ou menos abominável — e a atmosfera de todo o jovem amigo de Joseph Curwen — e o dr. Willett, o sr. Willett foi até o fim de voltar ao pôr a porta, e não foi a chave que foi. Os gritos de um tanto cuidado, porém, e o sr. Willett não havia nada além dos dois olhos, e não pôde ouvir o ruído de luz, e o brilho vermelho-clique-de-de-dragão,

Estimating loss...
step 5500: val loss 4.9395
Generating 100 tokens from context='Escrevo sob efeito de horrores inimagináveis.'
generated_text: Escrevo sob efeito de horrores inimagináveis.
O mundo, que há lá que nos leva à tona,
e, a loucura
de um lugar onde se estende ao pôr do sol de verão.
E a cidade em que o capitão
Alo,
Não foi levado até a morte do capitão, nem mesmo em vão
sir o que, quando a tripulação se atreva. Se eles encontrar alguém,
Mas a coisa se
estivesse no céu.
—
Mas este mundo não existe muito tempo quando nos leva até

Estimating loss...
step 5600: val loss 4.9318
Generating 100 tokens from context='Escrevo sob efeito de horrores inimagináveis.'
generated_text: Escrevo sob efeito de horrores inimagináveis. Os efeitos do espaço estão sempre incompletas das mais próximas, mas uma vez Zadok fora um dos montanheses, o homem que tinha ido até o estágio final.
Quando chegou a seguir, West e eu recitei as mãos à minha frente.
— Eu não estava em nenhum lugar onde me dava para dizer. Não havia ninguém, mas quando se curvou de novo em direção à porta, vi que a porta do meu escritório estava aberta. Um dos criados havia se transformado em um dos homens, e

Estimating loss...
step 5700: val loss 4.9110
Generating 100 tokens from context='Escrevo sob efeito de horrores inimagináveis.'
generated_text: Escrevo sob efeito de horrores inimagináveis.
"Ph'ng'ng", disse ele. "N'ng'lyeh-H"'ng'lyeh! E-me, que me traz um herói?"
"A voz disse, mas um tanto do que a minha voz tinha ouvido — e de fato me deixou envolver o que eu o vi por um homem de olhos... o que eu sei..."
"Se eu tivesse dito nada a respeito à voz, eu nunca mais me lembro da minha alma que estava ficando louca de cabeça

Estimating loss...
step 5800: val loss 4.9083
Generating 100 tokens from context='Escrevo sob efeito de horrores inimagináveis.'
generated_text: Escrevo sob efeito de horrores inimagináveis.
"O que eu sei me lembro de ter dito que me lembro do meu pai de sua mãe, a voz cheia de lágrimas e dor no rosto que se referia a ele um pouco de sofrimento.
"Eu me esforcei para dizer, mas ainda não se preocupou em explicar que eu estava fazendo, e que estava em silêncio de medo. Eu ainda não tinha motivo para que ela estivesse fazendo mais.
"Eu não sei o que aconteceu."
Eu me ajoelhei para falar, mas não falei que

Estimating loss...
step 5900: val loss 4.8569
Generating 100 tokens from context='Escrevo sob efeito de horrores inimagináveis.'
generated_text: Escrevo sob efeito de horrores inimagináveis. Se os homens do mar, os cannos, a cidade estaria com os melhores espécimes desaparecidos. Os ratos da cidade não devem ser obtidos por um ponto em fuga, e os órgãos vocais se tornam mais fortes. Eles são muito comuns, e não têm a menor importância do que quaisquer coisas. As criaturas são como os que a maioria das criaturas fungoides, e os que estão em grande parte do mundo são uma raça ou de ser feito se os cérebros do mundo. A única criatura pode ser alimentada

Estimating loss...
step 6000: val loss 4.8744
Generating 100 tokens from context='Escrevo sob efeito de horrores inimagináveis.'
generated_text: Escrevo sob efeito de horrores inimagináveis.
"Eu não disse nada. "Não importa se o que você faz em mim. Eu tenho uma chance de descobrir."
"Mais ou menos", falei, com "mas só vai me preocupar. Mas vou ficar de olho na minha cabeça. E você pode ser um homem pra um homem de olho. Eu não estou em paz nem nada, nem eu quero dizer que é, tá, mas tem que estar em casa e você está viva.
A ideia de que consegui o pior dos motivos
Saving checkpoint to /kaggle/working/models/v21_kaggle_0/checkpoints/6000.pth
Saving optimizer state to /kaggle/working/models/v21_kaggle_0/checkpoints/optim.pth

Estimating loss...
step 6100: val loss 4.8870
Generating 100 tokens from context='Escrevo sob efeito de horrores inimagináveis.'
generated_text: Escrevo sob efeito de horrores inimagináveis.
"Por que a criatura não se permite impressionar, e que a pessoa de seu tio demonstrou o seu marido, o tio Alert, e sua mãe, eu sou o tio.
"Que ele havia partido, e que eu a havia invocado — e os dois homens como o professor de Arkham. Os estrangeiros tentaram fugir de um hospício de Arkham e seu tio Walter dos Outros, com que não se havia estado de fato de um temor ou o seu coração. A princípio, os olhos que se

Estimating loss...
step 6200: val loss 4.8666
Generating 100 tokens from context='Escrevo sob efeito de horrores inimagináveis.'
generated_text: Escrevo sob efeito de horrores inimagináveis.
"Pois o velho Providence, na primeira vez que o trouxe a casa temida em 1810, depois de 18. A, o dr. Willett, que no dia anterior foi entregue na vida de hoje à fazenda de barcos, e de imediato foi a última vez de Ammi. Era um lugar de natureza bastante antiga, e o filho de Rolando — uma vez que o pai da mãe havia se tornado um homem capaz de relacionar um homem como ele na época do ano de Nahum.
"Os dois

Estimating loss...
step 6300: val loss 4.8888
Generating 100 tokens from context='Escrevo sob efeito de horrores inimagináveis.'
generated_text: Escrevo sob efeito de horrores inimagináveis. As células são tão ruins quanto a vida natural, e a atitude de uma solução tão grande ainda mais profunda quanto os processos vitais mortais.
VII
A seguir em desvario, mesmo no período de vida, o sr. Hodgson, do Elefante Branco, de Salemeio de horror juvenil, e sutilezas inomináveis, era muito grave quanto a um antigo abismo de espírito. Recordo-me a que a sra. W. Douglas de 1772, que se seguiu até a colina com uma igreja

Estimating loss...
step 6400: val loss 4.8808
Generating 100 tokens from context='Escrevo sob efeito de horrores inimagináveis.'
generated_text: Escrevo sob efeito de horrores inimagináveis. A ideia que se tornou a ver na noite, a nossa última vigília, e por algum motivo o meu tio, a única revelação em que a cidade estivesse no lugar de uma cidade sem nome.
O senhor já me disse isso — "The Green", e que o senhor de Kingsport era de lá. Os horrores que eu visitara a cidade natal e a Nova York, que o senhor não era o que eu havia imaginado. A casa do senhor, que eu conhecia — ou a noite, no entanto

Estimating loss...
step 6500: val loss 4.8418
Generating 100 tokens from context='Escrevo sob efeito de horrores inimagináveis.'
generated_text: Escrevo sob efeito de horrores inimagináveis. O que o seu espírito é, na linguagem dos fantasmas, é a mesma coisa que ele tem uma pessoa viva para se tornar mais natural.
Então, após a morte de seu tio Harry, a fim de conhecê-lo. Não foi uma boa ideia do que ele estava se preparando para a cama, e o que ele se encontrava à sua volta, e ele não conseguiu falar com o seu rosto. Ele nunca fez isso.
E foi embora, de um modo que ele sentiu a cabeça se

Estimating loss...
step 6600: val loss 4.8308
Generating 100 tokens from context='Escrevo sob efeito de horrores inimagináveis.'
generated_text: Escrevo sob efeito de horrores inimagináveis.
Então, o antropófago, o jovem Ward, que o sr. Ward, o sr. Ward afirmou que uma ação não era muito mais grave. O sr. Ward tentou manter-se de lado a uma porta de quarto e um corredor, mas não conseguiu evitar, e o sr. Willett sentiu o cheiro que se dissipavam, mas de repente sentiu-se ainda mais forte, e mais uma vez mais forte e, por mais um instante.
O sr. Willett chegou à porta que

Estimating loss...
step 6700: val loss 4.8541
Generating 100 tokens from context='Escrevo sob efeito de horrores inimagináveis.'
generated_text: Escrevo sob efeito de horrores inimagináveis.
Eu também pensei. Não tinha visto muitos dos meus livros por baixo da minha mão e de um homem com rosto pétreo, mas tinha uma aparência muito mais forte. Além disso, eu me lembro do que estava falando, e a verdade se foi que eu estava com medo.
O que aconteceu era o meu plano, mas, de certa forma, ele estava morto.
— Você foi um bom, Jamie, não é?
— Não.
— Acho que sim.
— Eu não

Estimating loss...
step 6800: val loss 4.8732
Generating 100 tokens from context='Escrevo sob efeito de horrores inimagináveis.'
generated_text: Escrevo sob efeito de horrores inimagináveis.
O dr. Willett, que estava em plena consciência, parecia-se ainda mais enigmático do que com a mesma confiança que o dr. Willett poderia ter percebido — pois havia deixado a criatura em um quarto com um sótão tomado pelo antigo retrato de Charles Dexter Ward, que era um Charles Dexter Ward — e o jovem e o dr. Ward, que havia estado em relação a esse ponto de referência à fórmula que havia concebido o sr. Willett, e o pobre sr. Ward, que havia se avent

Estimating loss...
step 6900: val loss 4.9016
Generating 100 tokens from context='Escrevo sob efeito de horrores inimagináveis.'
generated_text: Escrevo sob efeito de horrores inimagináveis. Que a maioria das pessoas saibam, pois a história de fato é um caso de grande contribuição a um longo de evolução artística que se pode ter nos conhecido.
O conto de horror é o que se relaciono de uma criatura — como a fala do conto de fadas malignas e intangível por coisas — e muito mais do que o horror poderia ter sido o mesmo que um organismo de uma das criaturas cósmicas. O jovem se tornou um tanto peculiar a fazer um elemento anômalo — que, de acordo

Estimating loss...
step 7000: val loss 4.8459
Generating 100 tokens from context='Escrevo sob efeito de horrores inimagináveis.'
generated_text: Escrevo sob efeito de horrores inimagináveis.
"The Sping não pode ser feito com um fragmento que a sra. Blackwood" [. Ele mesmo não é um dos contos de horror de terror e de uma forma sobrenatural para a obra de um conto a que ele um tanto popular. "The Face Elg" apresenta um conto "The Man", e "The S."
O conto "The Hodghost of the 'The Boes", em "The the Death of the Phantom Ship of the Boe, "The
Saving checkpoint to /kaggle/working/models/v21_kaggle_0/checkpoints/7000.pth
Saving optimizer state to /kaggle/working/models/v21_kaggle_0/checkpoints/optim.pth

Estimating loss...
step 7100: val loss 4.8456
Generating 100 tokens from context='Escrevo sob efeito de horrores inimagináveis.'
generated_text: Escrevo sob efeito de horrores inimagináveis.
"A imagem do Hyl, em W. A1,
V.
O sr. Willett", emendou o lugar onde havia encontrado o jovem e o vulto que a cidade de outrora havia se erguido, e que a não o sr. Ward havia mostrado, e quando a governanta do sr. Ward, embora o filho de repente pudesse oferecer explicações a respeito do paciente quando a esposa do filho havia desaparecido.
P. Ward não gostou da família que o jovem havia invocado; e o pai

Estimating loss...
step 7200: val loss 4.8548
Generating 100 tokens from context='Escrevo sob efeito de horrores inimagináveis.'
generated_text: Escrevo sob efeito de horrores inimagináveis. O que quer que se reste, e é a coisa mais importante é que a substância e a energia é a de qualquer coisa que as partículas de éter. É a mesma coisa, e também funciona no que se assuma o terror; e, ao passo mais fundo, ele ouve um som de som. É uma espécie de coisa que as criaturas que a amam, e é quando começam a desaparecer.
E quando ele é um sujeito sem voz, e ele se é um homem sem rosto?


Estimating loss...
step 7300: val loss 4.8272
Generating 100 tokens from context='Escrevo sob efeito de horrores inimagináveis.'
generated_text: Escrevo sob efeito de horrores inimagináveis. A coisa com a mão, o professor de Charles Dexter Ward, que havia sido um tanto singulares, como o primeiro emissário que os havia levado para fora da sanidade do filho; e quando a coisa do garoto, Ward deu ao pai um grito perplexo e um grito de frustração e frustração, que se impunha a contar à mãe de Joseph Curwen.
Passado a primeira revelação de Joseph Curwen, foi então que a esposa fez a barba e o irmão. A descoberta foi a expressão de um homem de

Estimating loss...
step 7400: val loss 4.8677
Generating 100 tokens from context='Escrevo sob efeito de horrores inimagináveis.'
generated_text: Escrevo sob efeito de horrores inimagináveis.
Com esse som, o homem que, em um deus aquático, havia roçagado pela catarata e em um estágio mais intenso que eu pudesse definir. Era o que procurava, e que o homem que não era nenhum fanático, havia encontrado um novo lampejo em um dos meus pés, ou mesmo que mergulhávamos emboscados raios de um homem de olhos fechados.
"Não me lembro de ter visto algo mais horrível ali, e mais que eu já vi. Ele era um homem que foi capturado por toda

Estimating loss...
step 7500: val loss 4.8304
Generating 100 tokens from context='Escrevo sob efeito de horrores inimagináveis.'
generated_text: Escrevo sob efeito de horrores inimagináveis. É o que os homens dizem sobre o que os Outros Deuses são e os homens da juventude com os homens que deixaram os gatos de sentinela dos Outros Deuses em Ulthar, onde os gatos de Inganok, e os temem falar com o sacerdote em um lugar de vida ou de um dos deuses.
Porém Randolph Carter não se deu ao menor sinal de nenhuma explicação. Por mais que o velho sacerdote havia se aventurado Kadath e se perguntou ao pôr no bosque de ônix e que se encontrava sob o rochedo calcário do

Estimating loss...
step 7600: val loss 4.8513
Generating 100 tokens from context='Escrevo sob efeito de horrores inimagináveis.'
generated_text: Escrevo sob efeito de horrores inimagináveis.
Os celebrantes são os Grandes Deuses de uma geração muito alta, e o folclore de horror supremo são uma coisa que os Grandes Deuses podem ser inventrados. O que as criaturas que habitam as costado são avistadas e irracionais e irracionais como um portento sobrenatural. Os Outros Deuses não são humanos, e não são os Outros Deuses, os deuses, e os deuses são muito horrendos.
Nesse ínterim, os noctétricos, hirtos invisíveis e também são os Outros Deuses, mas quem sabe que os

Estimating loss...
step 7700: val loss 4.8043
Generating 100 tokens from context='Escrevo sob efeito de horrores inimagináveis.'
generated_text: Escrevo sob efeito de horrores inimagináveis.
Um objeto de metal de pedra com asas, um pouco mais sombrias.
O que encontramos foi avistado por trás de uma arcada de um castelo na antiga casa por uma antiga casa construída em pedra que se situa para uma cúpula em um penhasco. A seguir o caminho é uma das torres, e um explorador com um coruchéu em pedra, que usa um casaco de rubi e um templo coberto de seda branca e mantos de uma antiga. Com a exceção, o viajante evita-se a maior que o local

Estimating loss...
step 7800: val loss 4.8581
Generating 100 tokens from context='Escrevo sob efeito de horrores inimagináveis.'
generated_text: Escrevo sob efeito de horrores inimagináveis.
"Com o demoníaco que se trata de lendas e contos, o terror e o sr. Machen, o sr. Radcliffe, o eminente o conto demonst antecedentes da noiva-sa de horror, o sr. James, o horrendo e as narrativas de horror e o gênio do sr. Radcliffe, o sr. Radcliffe, o sr. O sr. Burke, do misticismo, encontrado a morte de um horror sobrenatural sobrenatural, na verdade, o sobrenatural em Talla o sr. Da

Estimating loss...
step 7900: val loss 4.8407
Generating 100 tokens from context='Escrevo sob efeito de horrores inimagináveis.'
generated_text: Escrevo sob efeito de horrores inimagináveis.
— Eu não sei — disse o sr. Ward —, mas sei que é melhor um homem que fique por aí tão bem-ro.
— Não sei — acrescentou o sr. Ward quando o jovem se foi o sr. Ward que o havia dito, e assim o jovem Ward acrescentou:
— Mas o senhor não pode fazer uma pessoa que não pode ser um médico — afirmou o médico, e imagino que é.
"Por um instante um rapaz não tem a mesma chance de se o

Estimating loss...
step 8000: val loss 4.8557
Generating 100 tokens from context='Escrevo sob efeito de horrores inimagináveis.'
generated_text: Escrevo sob efeito de horrores inimagináveis. Mas, quando digo que o que quer que seja, se encontra a dizer que um homem de preto e branco está morto, e que não se pode ver.
"Ora, devo dizer que a maioria das criaturas não existem mais que um demônio tenha se tornado um núcleo de terror e sede de imaginação humana, ou um todo o deus imaginário que se alimenta das esferas, e que é algo semelhante à criatura. Eu sou a única que não é um sonho, e em que é uma criatura que não
Saving checkpoint to /kaggle/working/models/v21_kaggle_0/checkpoints/8000.pth
Saving optimizer state to /kaggle/working/models/v21_kaggle_0/checkpoints/optim.pth

Estimating loss...
step 8100: val loss 4.8595
Generating 100 tokens from context='Escrevo sob efeito de horrores inimagináveis.'
generated_text: Escrevo sob efeito de horrores inimagináveis.
Então, quando olhei para o capitão Obed no mesmo lugar, e na verdade tamém não sei se o que era, mas sei que era. O que era uma vez os homens mais velho que visitava de alguma época em que foi um tempo considerável.
— E eu não tinha como saber — disse o capitão —, porém o capitão Obed nunca foi visto. Mas a coisa que eu fiz por aí, e que não estavavo a nenhuma criatura.
"Os que não tavo em breve não se

Estimating loss...
step 8200: val loss 4.8515
Generating 100 tokens from context='Escrevo sob efeito de horrores inimagináveis.'
generated_text: Escrevo sob efeito de horrores inimagináveis.
— Eles parecem — falou. — É o que eles dizem, mas não estão vendo.
— Eu sei que você não precisa de tempo, mas eu sei por quê.
— Eu não sei — disse eu.
— Eu não falei, e você não pode acreditar — respondeu ele, olhando para mim com ar de lágrimas.
— Eu já falei essa coisa — disse ele. — Mas, por isso, não é uma questão de um pouco que você precise de verdade. A gente

Estimating loss...
step 8300: val loss 4.8087
Generating 100 tokens from context='Escrevo sob efeito de horrores inimagináveis.'
generated_text: Escrevo sob efeito de horrores inimagináveis.
"The Wind", disse a Yog-voz ao fim de uma grande Amenascença psicológica que um selo de forçascia sobre o qual tanto os caracteres lunares haviam combatido, em especial em "Out of the Life" e ao longo de 1839. Não havia Necessidade, não havia nenhuma dúvida se poderia ter reconhecido como sendo um dos maiores primordiais e proibidos do que qualquer crítico humano possa ser capaz de encarar. Havia uma incidência no alto do abismo; e assim resolveu explicar a identidade de

Estimating loss...
step 8400: val loss 4.8552
Generating 100 tokens from context='Escrevo sob efeito de horrores inimagináveis.'
generated_text: Escrevo sob efeito de horrores inimagináveis.
"Mas o que eu queria saber foi que eu ouvi naquela época. O que eu fiz de repente me fez? Eu disse que não sabia o que eu estava fazendo aqui, pois ele disse que eu sabia. Mas ele estava certa como um homem que sabe... e eu soube disso... mas ele estava me esperando. E eu sabia que eu também não tinha visto nada. E se dissesse que ele estava morto. E eu tinha uma coisa que ele não conseguia me matar, que estava disposto a mudar

Estimating loss...
step 8500: val loss 4.8717
Generating 100 tokens from context='Escrevo sob efeito de horrores inimagináveis.'
generated_text: Escrevo sob efeito de horrores inimagináveis.
"Devo-me explicar sobre os horrores que espreitam nas colinas e nas montanhas da noite, em lugares distantes, e naquelas visões do mundo dos sonhos. Parece que a Federal Street tem lugar a feri-las; e também devido às mais estranhas histórias que as outras representações da Babilônia e às lembranças sombrias de outras épocas mais simples e impressionantes. Osvos e florestas sobranceiras são comuns e mais comuns, e os picos da imaginação humana estão sempre em Vermont. No entanto, não são nenhum que

Estimating loss...
step 8600: val loss 4.8889
Generating 100 tokens from context='Escrevo sob efeito de horrores inimagináveis.'
generated_text: Escrevo sob efeito de horrores inimagináveis.
Em meio a um ritmo zombeteiro do medo, a narrativa imortal do sistema solar é um grande pesadelo de uma revelação monstruosa, e o baixo-relevo de maneira que um todo custo cosmo sombrio, mesmo que o romancista, no qual os Anciões irracionais Invo são os melhores terrores de uma entidade do mundo humano. O que se estende ao espírito, a escultura de um pesadelo, o artista do objeto outrora de origem em alma humana — e o dramatizado em que o sonhador poderia ser. A estranheza

Estimating loss...
step 8700: val loss 4.8175
Generating 100 tokens from context='Escrevo sob efeito de horrores inimagináveis.'
generated_text: Escrevo sob efeito de horrores inimagináveis.
— Não me importo — disse ele.
Ele tirou a chave do bolso.
— Eu não posso contar isso — respondeu Lestrade, e estendeu a mão.
— Não, mas eu não quero que você me escute. Já me recuso a fazer uma coisa por um tempo, e depois você vai ser tão diferente, e eu não teria medo. Isso é um mal-estar. Posso lhe dizer, e acho que o que fazer é ser desfeito. Mas, quando você não me deixará,

Estimating loss...
step 8800: val loss 4.8593
Generating 100 tokens from context='Escrevo sob efeito de horrores inimagináveis.'
generated_text: Escrevo sob efeito de horrores inimagináveis.
Um navio aquático que não pode haver muitos — o próprio Willett, o que se revelou, jamais teria lido o que havia encontrado o retrato de Curwen.
Na ocasião, o jovem foi fundido com as poucas frases de Curwen, e logo a visitar um painel de instrumentos de instrumentos em que havia encontrado, com o mesmo destino ao destino que um sonhador pode ter sido mantido registros ou ouvido. O lugar era um tanto próximo ao Hope Valley — o jovem Ward quanto jamais havia deixado uma explicação por trás

Estimating loss...
step 8900: val loss 4.8424
Generating 100 tokens from context='Escrevo sob efeito de horrores inimagináveis.'
generated_text: Escrevo sob efeito de horrores inimagináveis.
Os recém-los são, e o sr. Ricci, que se refere a muitos dos contos, é claro, é evidente que os relatos de horror são ainda mais impressionantes. Os sr. Radcliffe não tem ideia do que o elemento da genialidade, é quase uma das mais potentes Informações da sua voz ou se evidenciavam em uma atmosfera de horror sobrenatural. A sra. Radcliffe, o sr. Radcliffe e o sr. O sr. Radcliffe e o sr. Rad

Estimating loss...
step 9000: val loss 4.8563
Generating 100 tokens from context='Escrevo sob efeito de horrores inimagináveis.'
generated_text: Escrevo sob efeito de horrores inimagináveis. Eu estava curioso sobre esse respeito a fenômenos corriqueiros; porém as igrejas obscuras eram estranhas e despertaram-as e insanas em um conjunto da arquitetura ciclópica e das paredes. Era uma hipótese muito sutil e impressionante, e revelava-se uma estranheza quase insuspeitada ao caráter mórbido e sutil que as ruínas inexploradas da cidade de Innsmouth jamais se situavam por conta de uma história.
De fato, o relato de uma passagem arcaica em várias frequências sobre a região de Joseph Curwen era o conjunto momentâneo daquela carta
Saving checkpoint to /kaggle/working/models/v21_kaggle_0/checkpoints/9000.pth
Saving optimizer state to /kaggle/working/models/v21_kaggle_0/checkpoints/optim.pth

Estimating loss...
step 9100: val loss 4.8393
Generating 100 tokens from context='Escrevo sob efeito de horrores inimagináveis.'
generated_text: Escrevo sob efeito de horrores inimagináveis.
"Ainda não passava de um conjunto de livros e interlocismo, mas as pessoas não podem ser descritas. Nem mesmo um centavo de conhecimento, mas as pessoas que ainda não gostam de ler. O senhor quer dizer, de forma que eu já tinha chegado até lá. O pessoal vai ser o primeiro a ser humano — é que é de fato — e em geral eu só não tenho escrúpulos em uma carta. Tenho uma espécie — que, com exceção de um grande número desses, há a ver

Estimating loss...
step 9200: val loss 4.8475
Generating 100 tokens from context='Escrevo sob efeito de horrores inimagináveis.'
generated_text: Escrevo sob efeito de horrores inimagináveis.
— É uma coisa? — perguntei.
— Bem, não é? — Não tinha.
— É, você não tem razão — disse —, mas tem certeza de que é verdade.
— Claro. — eu estava pensando em como ele se sentia.
— Claro.
— Claro.
Isso era mentira.
— Ele se virou para o lado esquerdo da cadeira, depois se curvou... e olhou para o teto, como se esperasse que alguém risse.
— Um dilema?

Estimating loss...
step 9300: val loss 4.8478
Generating 100 tokens from context='Escrevo sob efeito de horrores inimagináveis.'
generated_text: Escrevo sob efeito de horrores inimagináveis. O primeiro tiro, contudo, foi em um sussurro alto e abafado de um grito. Ele teve uma visão indescritível, e os sons de luz verde-esverdeado se apagaram. Ele tinha se ajustado mais um pouco, pois as vozes eram mais altas.
Ele não se importava, mas a noite havia se reduzido a um metro e meio, e em um esforço, e então começou a se sentir cada vez mais desperto. Por fim, depois de abri os pensamentos duvidosos em meio às árvores, em quando

Estimating loss...
step 9400: val loss 4.8826
Generating 100 tokens from context='Escrevo sob efeito de horrores inimagináveis.'
generated_text: Escrevo sob efeito de horrores inimagináveis. — Na verdade, o senhor e eu acredito que eu — a história cósmica é a palavra ianque — pois o senhor não pôde ocultar as coisas que eu pretendo descrever. Seria possível que eu tivesse um exemplar de New Yorker — e que eu possa julgarei para o senhor, pois não tenho nenhuma referência a ela. Ele não se deu ao trabalho de ler o texto.
O senhor sabe o que eu não sei é que o senhor possa dizer. Talvez eu tenha visto alguma outra pessoa além de outra coisa

Estimating loss...
step 9500: val loss 4.8390
Generating 100 tokens from context='Escrevo sob efeito de horrores inimagináveis.'
generated_text: Escrevo sob efeito de horrores inimagináveis. Não havia necessidade de descrever aos devaneios. O que havia aprendido principalmente na vida de Lake, e que os ventos haveriam de passar a vida sem dúvida fossem obrigados a permanecer em pânico; e os cemitérios haviam-lhe deixado de ser afastados da melhor forma possível. Os Anciões não eram muito estranhos para que o bem e o extremo dos montanhas, e mesmo assim os Anciões eram um problema muito menos do que os nossos adversários. O desaparecimento de Lake tinha desaparecido do que nos Mi-Go e levou a atravessar

Estimating loss...
step 9600: val loss 4.8235
Generating 100 tokens from context='Escrevo sob efeito de horrores inimagináveis.'
generated_text: Escrevo sob efeito de horrores inimagináveis.
Mas o que mais fazer é ser perturbado, a convicção de que o inspetor Legrasse havia invocado, o capitão não conseguiria mais do que o amigo, e o médico dirigiram-se para junto da lareira. A lápide de ardósia, na qual um criado de aspecto físico, devia ter sido enterrado, e que o sangue não tardou a ver. O homem não havia nada além de uma monstruosidade, mas um estranho odor horrivelmente fétido havia se transformado em um mistério; e além do mais, não se deu conta

Estimating loss...
step 9700: val loss 4.8571
Generating 100 tokens from context='Escrevo sob efeito de horrores inimagináveis.'
generated_text: Escrevo sob efeito de horrores inimagináveis. O que mais uma vez maior, e não sei se sei a profundidade provocada pelo que aconteceu; mas quando digo que não tem nada a ver com o que aconteceu. Eu não gostaria de procurar Allie, mas era o melhor que eu queria, porque agora, a luz da lanterna parecia mais forte agora.
— Não sei o que é, mas acho que não, se não houver nada.
— Ah, não, não.
Mais do que as pilhas de cubos de gelo.
— Você

Estimating loss...
step 9800: val loss 4.8202
Generating 100 tokens from context='Escrevo sob efeito de horrores inimagináveis.'
generated_text: Escrevo sob efeito de horrores inimagináveis.
Em tomo ao meio-dia, de modo que a movimentação do dr. Pickman, um novo volume, o sr. Burke é taxador. Dacia popular, mas o encanto espectral foi vagaroso. O sr. Pickman relatou que o público nos espreitavam foi o líder do grupo marítimo, um jovem cavalheiro idoso que trajava o capuz e o grande casaco de óculos de barba que usava óculos escuros. Nesse ínterim, o líder da multidão foi tomado por uma grave máscara de seda. O rosto exibia um semblante

Estimating loss...
step 9900: val loss 4.8516
Generating 100 tokens from context='Escrevo sob efeito de horrores inimagináveis.'
generated_text: Escrevo sob efeito de horrores inimagináveis. A ideia de que o jovem Wilcox e o dr. Merritt Garrick eram percebidos e respeitadas por ele como o dr. Allen. Mais tarde, quando um dia um dos navios de Curwen tentou recitá-lo com a pá furada que havia escutado. O homem de óculos escuros e a cabeça para baixo, o homem tremia com repulsa e o anfitrião. Ao mesmo tempo, a expressão de aspecto lupina surgiu na memória do jovem Ward, e a expressão era muito simples e deveras ameaçadora. Parecia haver

Estimating loss...
step 10000: val loss 4.8589
Generating 100 tokens from context='Escrevo sob efeito de horrores inimagináveis.'
generated_text: Escrevo sob efeito de horrores inimagináveis.
A supremaphor Extraum, que fez com que se recordasse como eu, estando limitado por quaisquer outros períodos, não foi necessário. O que nos deu a princípio, foi uma surpresa que me levou àquele breve exame mórbido que me levou a obter. O que eu havia não me atrevi a saber foi que, pois não havia motivo para isso. Ele tinha uma expressão vaga, como se eu tivesse lido na leitura de uma história estranha sobre o que eu havia escrito, renovou a minha sanidade.
Saving checkpoint to /kaggle/working/models/v21_kaggle_0/checkpoints/10000.pth
Saving optimizer state to /kaggle/working/models/v21_kaggle_0/checkpoints/optim.pth

Estimating loss...
step 10100: val loss 4.8667
Generating 100 tokens from context='Escrevo sob efeito de horrores inimagináveis.'
generated_text: Escrevo sob efeito de horrores inimagináveis. O dr. John Merci e a srta. Warshawski, que se recusa a fazer perguntas estranhas a serem corretamente respondidas e respeitáveis por parte do corpo docente da Universidade de Arkham.
"Não posso", disse o dr. Toomey, "mas não posso mais contratar um conto de Surendralo" por
" por volta das 11h25, por volta de 18h45, de 1876, na prática, mais ou menos. O dr. Allen é "o piloto de Car

Estimating loss...
step 10200: val loss 4.8540
Generating 100 tokens from context='Escrevo sob efeito de horrores inimagináveis.'
generated_text: Escrevo sob efeito de horrores inimagináveis.
— Vamos, Owen.
— Vamos ter que voltar para a cidade.
— Vou tentar.
— Eu gostaria de ver a ideia do que você estava falando.
— Que bom — disse Owen —, mas por ora, como se ele está...
— Como se estivesse fazendo isso? — perguntou. — E agora, se eu não tivesse feito isso, talvez a gente estivesse observando os meus olhos de novo.
— Não, a gente não pode me contar a ninguém. Só quero

Estimating loss...
step 10300: val loss 4.8741
Generating 100 tokens from context='Escrevo sob efeito de horrores inimagináveis.'
generated_text: Escrevo sob efeito de horrores inimagináveis.
"The House", disse ele. "The Waters of. "O que os fantasmas da sra. Rad não são mais o sangue para os nossos olhos, é um sapo louco."
"O que a sra. Donovan não sabia o que fazer, eu a ouvi, e que ele me viu como eu estava na cúpula da biblioteca, e a sra. Donovan, a sra. Donovan não foi?"
Eu me levantei, e quando ela se aproximou, ela parou de falar com ela. Não

Estimating loss...
step 10400: val loss 4.8881
Generating 100 tokens from context='Escrevo sob efeito de horrores inimagináveis.'
generated_text: Escrevo sob efeito de horrores inimagináveis.
Mas o dr. Willett não conseguiu entender o que, para dizer a primeira coisa além do médico que nos poços e os demais espécimes arqueanos do mundo exterior exigem-se que as pessoas e as revelações de Charles Ward haveriam de encontrar o jovem que havia consultado e que Charles Boone e o havia julgado. A paixão pelos detetives Ward receberam o laboratório dos Ward e a sra. Ward examinou o médico e viu o médico em definitivo com o patriarca enfermodibre e o patriarca Ward como um personagem

Estimating loss...
step 10500: val loss 4.8862
Generating 100 tokens from context='Escrevo sob efeito de horrores inimagináveis.'
generated_text: Escrevo sob efeito de horrores inimagináveis.
A fala de que, e em seguida de uma hesitação, Ward sustenta o interesse de Ward com que, durante essa época, não se surpreendeu com a forma de que o jovem havia chegado na vida.
No período de frequência, Ward não tinha informações importantes sobre a situação na casa de Charles, mas uma vez que não havia visitado. Não havia como retornar a busca pelo filho, e o patriarca Ward resolveu que postava a casa. Por volta das seis e meia-voz, Charles mencionou que

Estimating loss...
step 10600: val loss 4.8642
Generating 100 tokens from context='Escrevo sob efeito de horrores inimagináveis.'
generated_text: Escrevo sob efeito de horrores inimagináveis.
Em certo ponto de vista[3] que em tempos mais de uma época originou-se de maneira singular; e embora de maneira nenhuma consa deva ter me levado a me dar conta dessa ideia. Estou de volta a dizer que o homem que me apresentou, foi um alívio de um caráter genuíno. As anotações manuscritas de Bellows Falls são sempre indiscutíveis, e eu não queria saber o que havia de fato se mencionei. O que descobri era o fato de que o homem teria sido

Estimating loss...
step 10700: val loss 4.8978
Generating 100 tokens from context='Escrevo sob efeito de horrores inimagináveis.'
generated_text: Escrevo sob efeito de horrores inimagináveis.
— É o melhor que eu posso fazer, mas não tenho a mesma graça de que seja o meu. Vou pedir para você. Eu gostaria de tê-lo feito uma longa história de que pretendo fazer isso. Mas a ideia de que o senhor quer é não gostar de mim. Se eu disser que é, você poderá me fazer se souber o que quiser.
— Não tem ninguém aqui que você precisa ter de ler — disse ela. — Nunca mais quero fazer isso.
— Quero dizer

Estimating loss...
step 10800: val loss 4.8953
Generating 100 tokens from context='Escrevo sob efeito de horrores inimagináveis.'
generated_text: Escrevo sob efeito de horrores inimagináveis. A característica da magia da luz da morte é um marco importante, embora a atribuição tenha suscitou-me a ideia de que o processo mais famoso a natureza dos Anciões tenha criado. Em verdade, a hipótese, é a única coisa que os geológicos figuram — e que a nossa fantasia tenha se desviado os olhos do pobre Lake em parte contribuíram o mundo de todo. A confirmação da teoria foi a primeira das Coisas que encontramos — e que, embora de vez em quando eu era um homem

Estimating loss...
step 10900: val loss 4.8311
Generating 100 tokens from context='Escrevo sob efeito de horrores inimagináveis.'
generated_text: Escrevo sob efeito de horrores inimagináveis.
O velho elfo da Czanek, que em breve é Mil mil anos e encontra, e que Romance, de H.C. Ele é o velho Delia, um jovem de retórica em posse de um antigo de seus cartões. E também, que ele não usa seus óculos e sua gravata angulosa, ele usa um clérigo espanhol. Ele, contudo, é um homem de grande porte, mas indubitável e é um homem de la Poer, que parece ser

Estimating loss...
step 11000: val loss 4.8846
Generating 100 tokens from context='Escrevo sob efeito de horrores inimagináveis.'
generated_text: Escrevo sob efeito de horrores inimagináveis.
"Materia à morte de reinos Curwen, segundo relatos relativos a Curwen, que o dr. Allen não era nenhum tipo de reação espiritual, mas existe umjeito geral. A gente se sabe da própria genealogista que existe em Innsmouth.
"A população de Innsmouth", assim, o senhor não tinha como negar, e o senhor era um estudioso maior do que Curwen. Os boatos de que Weeden tinha falado sobre boatos sobre o assunto, e o que supostamente respondia com o mais sigilo. No
Saving checkpoint to /kaggle/working/models/v21_kaggle_0/checkpoints/11000.pth
Deleting checkpoint /kaggle/working/models/v21_kaggle_0/checkpoints/1000.pth
Saving optimizer state to /kaggle/working/models/v21_kaggle_0/checkpoints/optim.pth

Estimating loss...
step 11100: val loss 4.8962
Generating 100 tokens from context='Escrevo sob efeito de horrores inimagináveis.'
generated_text: Escrevo sob efeito de horrores inimagináveis. Todos os horrores que correm do mundo além dos mundos e das terras ignotas, há uma sugestão de uma qualidade que não se deve à espreita no centro de uma casa; e, quando a noite do dia, a janela se abre e se arrasta na direção do abismo de luar.
A história de um modo ou de outro, pois essa história é uma das histórias que falam sobre o que eu disse, e sobre os méritos da vida real.
"Não me peça alguma", disse ele, "

Estimating loss...
step 11200: val loss 4.8620
Generating 100 tokens from context='Escrevo sob efeito de horrores inimagináveis.'
generated_text: Escrevo sob efeito de horrores inimagináveis.
"The Sest, he — em "O horla Britânica" — "O'Shadi".
O primeiro conto é um homem que se tornou um jovem, e quando o jovem se toma um primeiro olhar com uma expressão de inteligência que influenciou durante aquela grande parte, o artista é uma expressão de horror sublime e dramática; e, apesar de seu todo aquele cenário, o jovem Charles Ward, o jovem Charles Ward, que impressionou um profundo terror e trivial e sentimentos monstruosos.


Estimating loss...
step 11300: val loss 4.8891
Generating 100 tokens from context='Escrevo sob efeito de horrores inimagináveis.'
generated_text: Escrevo sob efeito de horrores inimagináveis. E, de certa forma, temos sempre de compreender o que estou fazendo — que nem a semelhança humana — exceto também, nem mesmo as que parecemos nos separagens. O que eu sei é que Walakea é um homem poderoso e poderoso que demonstra as qualidades que detesto e possam significar muito tempo. O dr. Allen tem motivos para explicações curiosas para se combaterem seriamente a situação emanação normal — é possível que eu não tenha a menor ideia do que eu estava tentando fazer — a que eu

Estimating loss...
step 11400: val loss 4.8915
Generating 100 tokens from context='Escrevo sob efeito de horrores inimagináveis.'
generated_text: Escrevo sob efeito de horrores inimagináveis. Às vezes, e as vezes trazem alguns daqueles símbolos vagamente antropoides e um núcleo de inteligência semelhante a uma imagem ou o que não sei identificar. Quando me vi no crepúsculo arrasado, avistei meu peito um olhar de encontro à luz amarelada e soube que as febris degraus do poço apresentavam uma grande porta em que dava para o chão.
O que vi foi que o fosso que devia ter sido uma rachadura para a entrada do lado de fora, que naquele momento não era mais do que um cadeado. Eu

Estimating loss...
step 11500: val loss 4.9079
Generating 100 tokens from context='Escrevo sob efeito de horrores inimagináveis.'
generated_text: Escrevo sob efeito de horrores inimagináveis.
"Mattheso, R'lyeh, Yog-Sothoth, Yog-Sothoth,
Para o teu Dia das Espheposas Anicies
Eth,
V'
Para o teu antigo teu leitobónio não teo que na tua
Marvoa voga no Tempo,
AKy staavier
Odior,
Crongo de Belh,
Marchly,
Não possois suprimi.
"Sordro

Estimating loss...
step 11600: val loss 4.8967
Generating 100 tokens from context='Escrevo sob efeito de horrores inimagináveis.'
generated_text: Escrevo sob efeito de horrores inimagináveis. Mas eu tinha um medo terrível da telepatia na voz do homem que me concedeu — o que eu tinha visto na voz do meu tio, que era um homem de dezessete anos atrás. Eu era o único que já tinha visto antes — e era uma coisa terrível de ser possuído alegórica.
Eu era um homem de dezessete anos, mas, no final, eu nunca tinha visto nada sobre ele, porque não era nenhum homem. Não era uma mulher de verdade, mas eu tinha uma pessoa inteligente, sim

Estimating loss...
step 11700: val loss 4.9234
Generating 100 tokens from context='Escrevo sob efeito de horrores inimagináveis.'
generated_text: Escrevo sob efeito de horrores inimagináveis. O dr. Willett, perplexo por ter se recobra a boca aberta, a boca contraída de um tom esverdeado que se abria ao redor dos olhos fechados.
"Não me venha em nome de nada com a minha esposa, meu filho de espírito, eu não vou me esquecer de tudo. Estou falando de uma forma que os homens da puta não puderam conhecer. Mas tenho uma frase que tenho e minha esposa que tem um ar mais específico que o de todos os meus dados."
"Ainda há um

Estimating loss...
step 11800: val loss 4.9193
Generating 100 tokens from context='Escrevo sob efeito de horrores inimagináveis.'
generated_text: Escrevo sob efeito de horrores inimagináveis.
Mas, no dia seguinte, Mareii,
Até o carteiro, que tinha visto a história da velha e honrada,
Onde os três tempos da minha época,
Descelente sede do seu casebre e da minha família,
Onde o oficial e sua esposa tinham
E aguardava a fuga dos meus dias,
E lá estava o seu pap.
Mas, numa noite de sábado, a terrível cidade se
E o oficial, por isso que o oficial dos
Perfaz

Estimating loss...
step 11900: val loss 4.9338
Generating 100 tokens from context='Escrevo sob efeito de horrores inimagináveis.'
generated_text: Escrevo sob efeito de horrores inimagináveis.
"The House Magnzai, heora", fala de um anfitrião de pavor que não se permite nenhuma alusão a esse respeito a um retrato de um estranho feiticeiro, mas que depois o modelo decisivo foi revelado pelo pai. "The Gers, hebraesot, "The Damedumys of Terror, obtém a peste e a coisa para os outros, e convinha sobre o castelo de ouro e sua terra. Escas fragmentos de uma aura diabólica perdurou de pavor quando o sa

Estimating loss...
step 12000: val loss 4.9007
Generating 100 tokens from context='Escrevo sob efeito de horrores inimagináveis.'
generated_text: Escrevo sob efeito de horrores inimagináveis.
"Materia o que o senhor deve julgar a respeito do que pode ter sido o único resultado, e reconheço a monstruosa carta que escrevi. Eu não tenho a menor ideia do que aconteceu, mas não tenho nenhuma carta. Não me parece que tenha a carta de qualquer outro cavalheiro que me proíba, ou qualquer outro outra pessoa que o encontre — ouh Orne e o monstro davo a respeito de Innsmouth. A respeito de Innsmouth, que se pode haver suscitado uma Allen de Salém em meio
Saving checkpoint to /kaggle/working/models/v21_kaggle_0/checkpoints/12000.pth
Deleting checkpoint /kaggle/working/models/v21_kaggle_0/checkpoints/2000.pth
Saving optimizer state to /kaggle/working/models/v21_kaggle_0/checkpoints/optim.pth

Estimating loss...
step 12100: val loss 4.9212
Generating 100 tokens from context='Escrevo sob efeito de horrores inimagináveis.'
generated_text: Escrevo sob efeito de horrores inimagináveis. O dr. Willett empalideceu, pois a repugnância cósmicas pairavam ameaçadoramente perto dos miasmas apresentava uma profunda repulsa. O médico, escutando o rosto de Willett, e em grande esforço o médico se surpreendeu. O médico fez um profundo esforço para se fazer a barba no momento crucial. A barba que o acompanhou era uma expressão de total perplexidade. Willett começou a se contorcer-se e se perguntar a ele o que estava fazendo. Logo o médico o médico o médico mostrou o paciente, fazendo-o estremecer,

Estimating loss...
step 12200: val loss 4.9186
Generating 100 tokens from context='Escrevo sob efeito de horrores inimagináveis.'
generated_text: Escrevo sob efeito de horrores inimagináveis.
"Foi no outono de 1846 — o primeiro que sucedeu aos poucos a um ano e um ano deveras longo e meio depois — a primeira coisa que o dr. Shilton, filho da casa dos Bolton no lago do Maine. O dr. Halsey tem um trabalho que ele não tem nenhuma recalma, e o preço não é prejudicado como o fato de uma geração posterior. Ele não tem nenhum traço favorável à sua disposição, mas também a capacidade de recalá-lo.

Estimating loss...
step 12300: val loss 4.9197
Generating 100 tokens from context='Escrevo sob efeito de horrores inimagináveis.'
generated_text: Escrevo sob efeito de horrores inimagináveis.
De fato, a persistência do meu Blackwood não era mais corriqueiro a ser o prolífico e não a liberdade. Aqui só eu devia ter acabado.
"Foi então que a debandada acabou, desde o início do abandono, e de ímpia às bruxas em terra eu me senti satisfeito; de ver pouquíssimos, e quase imediatamente encontrei uma cota de circunstâncias mais importantes em que a vida humana foi capaz de mobilizar-se e de índo com os mortos que haviam tornado alvo sistemáticas.

Estimating loss...
step 12400: val loss 4.8961
Generating 100 tokens from context='Escrevo sob efeito de horrores inimagináveis.'
generated_text: Escrevo sob efeito de horrores inimagináveis.
Mas, como se respondesse,
Ou assim eu tinha ouvido a voz do velho alber e simplório de óculos escuros,
Perdaba.
—
Mas amiúde se diges, se acendiam, como oficial ou o mais,
foi transportado por um tremor de ouro maciço que nem mesmo o trouxe de volta.
—
É sobre ter sido esse caminho que a dedução do povo a havia
trato, de modo que ainda não consigo resistir a alguma imperiosa
trator

Estimating loss...
step 12500: val loss 4.8701
Generating 100 tokens from context='Escrevo sob efeito de horrores inimagináveis.'
generated_text: Escrevo sob efeito de horrores inimagináveis. "Corvo a cabeça do morto", diz o anfitrião, "e assim foge, eu acho que devo ter feito, mas nunca vi. Parece que o jovem Wilcox havia morrido há quase vinte anos, mas, ao contrário, é o meu amigo e eu a presenciei e toda a condição de ninguém a quem o manteve em casa. Os dias não foram incomodados, e muito menos.
"Eu também não consigo mais contratar mais uma peça do que um relato extravagante — eu já me vi —

Estimating loss...
step 12600: val loss 4.9422
Generating 100 tokens from context='Escrevo sob efeito de horrores inimagináveis.'
generated_text: Escrevo sob efeito de horrores inimagináveis. O que eu queria saber se as condições externas não era necessário, e que as horas longas horas longas e tarde eu tive ocasião de levar a cabo de volta ao meu tio e correr pela casa em direção ao antigo quarto do hotel.
O ônibus chegou em seguida, enquanto eu seguia até a complexidade da minha direção, liguei o Ford e sentei-me a um lado na lateral da grande mesa, onde eu esperava a antiga presença de uma grande apreensão. Não havia nada que eu a tivesse visto antes

Estimating loss...
step 12700: val loss 4.9235
Generating 100 tokens from context='Escrevo sob efeito de horrores inimagináveis.'
generated_text: Escrevo sob efeito de horrores inimagináveis.
O sr. Gaunt foi o de Ward, e o sr. Ward e o sr. Ward receberam uma alteração como essa espécie de singular loucura. O médico não gostou de tudo o que havia apresentado — pois durante o primeiro grau de vampirismo, os especialistas da vizinhança, o dr. Allen de comunicações de sigilo e da derradeira loucura consumada.
5.
3.
5.
A casa de Willett levou um susto e o sr. Ward consentiu com a cabeça para enfim o

Estimating loss...
step 12800: val loss 4.9905
Generating 100 tokens from context='Escrevo sob efeito de horrores inimagináveis.'
generated_text: Escrevo sob efeito de horrores inimagináveis. Um ano mais tarde, após o início de maio, um garoto chamado Thomas Manton, conseguiu um papel de retórica em um asilo de cidades com vista para o mar, para o qual a água da água era a mais rasa, e um tocador de música de música suave da Inglaterra.
O garoto acabou com o Baile de Primavera da Paz, que era o nome de Naberlin, de Jonathan Franzen, que apareceu no púlpito da igreja e apareceu à margem do rio a oeste.
—

Estimating loss...
step 12900: val loss 4.9941
Generating 100 tokens from context='Escrevo sob efeito de horrores inimagináveis.'
generated_text: Escrevo sob efeito de horrores inimagináveis.
— Ah, meu caro — disse o sr. Gaunt, e deu um tapinha na cabeça de Brian. — Acho que se pode ficar trancado em casa, e eu não posso —
—
Bem, não quero que você faça isso — disse Brian, mas ficou animado.
—
Sim, senhor, não está?
—
Não. Eu estava pensando que ia para o telefone assim que deixasse, mas não sabia a respeito daquilo. Não, mas porque, quando chegasse a hora de

Estimating loss...
step 13000: val loss 4.9799
Generating 100 tokens from context='Escrevo sob efeito de horrores inimagináveis.'
generated_text: Escrevo sob efeito de horrores inimagináveis.
"The Sapphondond Lite-Lings of the Shado"The Mark", disse George, e abriu um enorme sorriso.
"Uma vez, quando George não quis fazer o melhor que pôde para sempre", disse o velho. "A hora do tempo, em suma, o sr. Swane, é um dos grandes gênios de George Stark."
"Se os canais pudessem ser feitos, eu gostaria de tê-lo matado o sr. Thomas, não sei como dizer.
Saving checkpoint to /kaggle/working/models/v21_kaggle_0/checkpoints/13000.pth
Deleting checkpoint /kaggle/working/models/v21_kaggle_0/checkpoints/3000.pth
Saving optimizer state to /kaggle/working/models/v21_kaggle_0/checkpoints/optim.pth

Estimating loss...
step 13100: val loss 4.9740
Generating 100 tokens from context='Escrevo sob efeito de horrores inimagináveis.'
generated_text: Escrevo sob efeito de horrores inimagináveis. E, na verdade, vi-me que o que os Formis já haviam trazido à vida de um bom material para o qual tivessem sido, e que o sr. Merritt recordou que havia mencionado um Visitas de seus estranhos portos na região de Massachusetts.
Quanto à aparência do velho taverneiro haviam me contado aos marujos e a deformação das colinas, que haviam me assombrado com aquilo que os nativos haviam deixado para trás. Os homens estavam nervosos acerca da tribo do bisavô de Marsh, e

Estimating loss...
step 13200: val loss 4.9654
Generating 100 tokens from context='Escrevo sob efeito de horrores inimagináveis.'
generated_text: Escrevo sob efeito de horrores inimagináveis. Mas, em vez disso, o carteiro não está totalmente disposto a admitir que há uma razão que não se deve fazer uma pergunta. Quando chegar ao portal, onde os negócios de Innsmouth que são, são muito mais importantes o suficiente para satisfazer as pessoas que tentam fazer.
"Por que o senhor não pode — mas tem uma coisa que não lhe perturba — em vista de uma velha propriedade — e é melhor que eu o senhor não. É algo que você não conseguirá fazer. Não quero me falar com

Estimating loss...
step 13300: val loss 4.9266
Generating 100 tokens from context='Escrevo sob efeito de horrores inimagináveis.'
generated_text: Escrevo sob efeito de horrores inimagináveis.
Então me lembrei de que Akeley tinha sido um dos meus amigos — e que descobri que ele tinha sido um homem muito mau arrombado — e que consistia em um velho perseguindo-o como um homem de um velho e um patinete com um olho no sombrio mundo. A ideia de manter a semelhança com esse homem é que os outros seres humanos são tão ameaçadoras quanto os que elepram a mim.
A conclusão de que ele tinha um segredo sobre a semelhança com a alvenaria com ele, e

Estimating loss...
step 13400: val loss 5.0000
Generating 100 tokens from context='Escrevo sob efeito de horrores inimagináveis.'
generated_text: Escrevo sob efeito de horrores inimagináveis.
E eu gostaria de ouvir tudo aquilo, como se diz, e fiquei aliviado ao entrar em frente.
— E se eu tivesse começado a falar com Therriault, eu teria dito que era o proprietário de uma loja de departamentos — eu não estava interessado em comprar um exemplar de Innsmouth.
— Talvez ele tenha aparecido — afirmou eu, mas o meu relógio travou mais uma vez. Eu não tinha ideia de como aquilo iria parecer divertido e, se ele não tivesse ido embora quando eu tinha entrado, eu

Estimating loss...
step 13500: val loss 5.0164
Generating 100 tokens from context='Escrevo sob efeito de horrores inimagináveis.'
generated_text: Escrevo sob efeito de horrores inimagináveis.
O sr. Willett recebeu o contrato com grande entusiasmo, e logo percebeu com justividade que havia recebido uma alteração de espanto que não agressiva, mas de maneira capaz de conciliar a carta o sr. Ward, como uma alteração de endosenciosos e com uma cicatriz de genialidade obscura, não tinha dúvida de que o retrato que havia identificado como Joseph Curwen havia desaparecido. O sr. Ward havia falado no bilhete frenético, e não tinha importância alguma se o sr. Ward pudesse escutar, e o

Estimating loss...
step 13600: val loss 4.9528
Generating 100 tokens from context='Escrevo sob efeito de horrores inimagináveis.'
generated_text: Escrevo sob efeito de horrores inimagináveis.
"The Middle que se destaca. O rosto da sra. White diz que os olhos de Ralph estavam lá dentro e que os óculos escuros continuam vivos. É uma expressão de desprezo peculiar, e não de medo, porque ele está completamente louco. O rosto dele está sangrando em mechas e rugas.
"Ora, ora, ora, Ralph, ora. A gente não é uma estrela de terror, mas não é um pouco assim."
"É um processo de entender."
"Eu não sei

Estimating loss...
step 13700: val loss 4.9934
Generating 100 tokens from context='Escrevo sob efeito de horrores inimagináveis.'
generated_text: Escrevo sob efeito de horrores inimagináveis.
A obra de Ezra Weeden era uma das poucas funções ainda mais importantes e a respeito de Ward, e em um triunfo de caráter sutil, era dotado de um valor heródio e insidioso. A dupla de Curwen, como se tivesse levado um grande suprimento de pó de água e de água das janelas com incrustações de seda e de resmas de marfim na valise e de maneira precária, a partir de 1918, passou a ser um homem de hábitos e de um porte muito abrangente. O jovem Ward

Estimating loss...
step 13800: val loss 4.9923
Generating 100 tokens from context='Escrevo sob efeito de horrores inimagináveis.'
generated_text: Escrevo sob efeito de horrores inimagináveis.
Em algum momento, um flash de sugestões de imagens espantosos espantosos e espantosos e suspense e caracterizados com o dr. Trask, aparentemente, era muito semelhante a um de forças fantásticas e emoções exóticas, embora houvesse um entendimento sombrio e expectativa e extravagância muito além de sua voz corporal e expressões e expressões e entidades que a mesma antiguidade saída poderiam se devesse ser capazes analises ou não poderiam jamais conceber.
Atal e eu pensei que aquela profundeza de vapor estava soprando no meu cérebro, mas

Estimating loss...
step 13900: val loss 4.9993
Generating 100 tokens from context='Escrevo sob efeito de horrores inimagináveis.'
generated_text: Escrevo sob efeito de horrores inimagináveis.
"Perguntei-me a dizer que ele não era homem de quem provinha, mas falei que era o que eu tive. Ele tinha razão por isso", disse ele.
"É. Eu não estava mentindo. A gente não está falando de pedra, mas está cheia de sombras."
"É. Mas ele estava fora da sua conta, não é?", perguntei.
Ele me olhou com uma expressão intrigada de quem quer que eu fosse uma mosca.
"Você não acha que ele estava dormindo

Estimating loss...
step 14000: val loss 4.9764
Generating 100 tokens from context='Escrevo sob efeito de horrores inimagináveis.'
generated_text: Escrevo sob efeito de horrores inimagináveis. Os bala nas asas espírivo, mas nada mais que as outras que existem, que não são superficiais para os homens do mar. Dentro de um século de temperatura, eu não sei dizer. E se você não tivesse morrido, teria morrido de pavor puro e horror.
"Naquela noite, eu ingeri um pedaço de carne humana e me vi projetado um tubo de ensaio sobre o que tinha sido colocado para trás. O que eu tinha acontecido comigo se deve com o que aconteceu, e eu tinha
Saving checkpoint to /kaggle/working/models/v21_kaggle_0/checkpoints/14000.pth
Deleting checkpoint /kaggle/working/models/v21_kaggle_0/checkpoints/4000.pth
Saving optimizer state to /kaggle/working/models/v21_kaggle_0/checkpoints/optim.pth

Estimating loss...
step 14100: val loss 5.0021
Generating 100 tokens from context='Escrevo sob efeito de horrores inimagináveis.'
generated_text: Escrevo sob efeito de horrores inimagináveis.
Em 2009.
12
GWENDY AP
Prenha "Sx Expussenos" [O "The it's W. C. B. Bub. TEFF, que conhece o fantasma na sua camiseta, um homem que o conhece, mas não consegue ler. É uma das poucas, e tem um nome escrito acima da cabeça do outro. Ela sempre dá um pulo para o lado e sopra a mão direita de um jeito estranho de andar no escuro. A dor já

Estimating loss...
step 14200: val loss 4.9972
Generating 100 tokens from context='Escrevo sob efeito de horrores inimagináveis.'
generated_text: Escrevo sob efeito de horrores inimagináveis.
"E então, tu que me desamvie a Le Livross e d'os De de Açou-medição de seus ancestrais, e subsequentes contos eu não tenho como fazer isso. Não pretendo mostrá-lo a ele, pois ele não se deu ao trabalho de revisar as linhas, e que dedicou uma quantidade considerável para uma boa quantidade de dados. De mais remotas no mundo da minha infância já é um dos seus livros — os últimos quatro contos de que se seguiram — o senhor já deve

Estimating loss...
step 14300: val loss 5.0492
Generating 100 tokens from context='Escrevo sob efeito de horrores inimagináveis.'
generated_text: Escrevo sob efeito de horrores inimagináveis. A propósito, é que desfrute de ação a atmosfera e o esplendor do globo, o globo com uma corrente de uma substância que se desconectou. Isso deve ser um evento contido no fundo do coração, pois o que os cães têm um poder muito apurado para os espécimes exploradores. É verdade que um homem de hábitos mongolgo e debate ativo poderia ser coletados, mas esse homem é um químico poderoso e um obstáculoecido. Um exame perverso altamente evolescôg constantemente reconheço e favorecido com

Estimating loss...
step 14400: val loss 4.9932
Generating 100 tokens from context='Escrevo sob efeito de horrores inimagináveis.'
generated_text: Escrevo sob efeito de horrores inimagináveis.
"As águas reinto
A ceia da noite e o Dia do Príncipe Esa, e Matt deixou-me quase a ponto de se tornar cada vez menos regular.
"É um período em que eu não consigo me recordar. Ele me bateu no ombro dele e disse que não conseguia o mínimo'.
"O senhor não se junta a uma pessoa, não? Não foi isso que me disse. Mas me lembro de ter contrariado o tom dele, o que eu sabia.
"É

Estimating loss...
step 14500: val loss 5.0274
Generating 100 tokens from context='Escrevo sob efeito de horrores inimagináveis.'
generated_text: Escrevo sob efeito de horrores inimagináveis.
"Não me faça ver o que você diz, mas não sei o que mais. Estou aqui, a não ser que você veja. Você não me ouviu falar de novo. Você tem mais raiva do que um pouco. Não tem culpa, e eu não sei o que você tem de errado com você é. Eu preciso... você sabe. Por motivos que não me importa é: você está aqui, não acha?".
"Sim, é bem... em casa. Se eu não estiver, você

Estimating loss...
step 14600: val loss 5.0816
Generating 100 tokens from context='Escrevo sob efeito de horrores inimagináveis.'
generated_text: Escrevo sob efeito de horrores inimagináveis.
Os resultados de Ward, a primeira contribuição que empreendeu no diário, foram descobertas com Willett coletados pelo dr. Willett, embora tenha sido Joseph Curwen à própria família. Ao ser um novo material que por esse motivo não se parecia muito, revelou que Ward copiou minuciosamente, embora o rapaz fizesse uma descoberta fosse um sinal de dedução, para então que ambos os esforços de Ward, passados pelos ajustes conduzidos na cifra de Ward, haviam se furtado a uma longa e longa produção de sangue. A

Estimating loss...
step 14700: val loss 5.0344
Generating 100 tokens from context='Escrevo sob efeito de horrores inimagináveis.'
generated_text: Escrevo sob efeito de horrores inimagináveis.
"O maior de todos em diante de nós, em volume e para todo o mundo em que o mundo nos dá para o nosso mundo suprtar. As condições de vida real é suficiente e para não se pode negar que o povo do Necronomicon. Eles não vêm aqui, mas ainda não têm um bando de veranistas. O que há com os senhores, é claro. E os blasfemos, em Arkham e em Arkham, são protegidos por um trabalho muito baixa a ponto de suprir o que

Estimating loss...
step 14800: val loss 5.0058
Generating 100 tokens from context='Escrevo sob efeito de horrores inimagináveis.'
generated_text: Escrevo sob efeito de horrores inimagináveis.
— E o sr. Kellerton me disse que o Dia 24 de novembro de 1992 foi trazido da Igreja Metodista de Kingsport.
— É uma das antigas histórias de camponeses do sr. James — disse ele, e em minha opinião me pareceu animado e assombrado pelo folclore da igreja e à seu amplo império. Quando digo o que o grande sino de fato estava prestes a acontecer, ele falou mais alto que eu não me espantaria com o homem de Vermont, que enviaria uma série de palavras

Estimating loss...
step 14900: val loss 5.0693
Generating 100 tokens from context='Escrevo sob efeito de horrores inimagináveis.'
generated_text: Escrevo sob efeito de horrores inimagináveis.
"Matsen, indubitavelmente arrisco, não se deve ser o capitão Obed o capitão Obed, e não queria poderio que afeasse — a peixarada e o documento contra o capitão Obed, mas não era avo envo que nem o capitão davo a quem ele havia mostrado. Eu achava que os contra o capitão era sabidamente afetado e escutado um velho sujeito de língua estrangeira que só poderia tê ouvido falá que um navio maldito.
"Materia a lenda a esse respeito de

Estimating loss...
step 14999: val loss 5.0378
Generating 100 tokens from context='Escrevo sob efeito de horrores inimagináveis.'
generated_text: Escrevo sob efeito de horrores inimagináveis.
"Não", falei, "Só existe uma coisa que não há de ser tão sobrenatural quanto o que a sra. Reston, mas o desenvolvimento humano, como o decano de um horror inquieto, e quando o tempo está claro. Além do mais, o desenvolvimento revela perfeitamente o dos contos de horror mais antigo chamado "oculnter", cuja virtude de aparições em inglês é tão grande quanto a origem do monstro".
Era, ao mesmo tempo, um horror artístico em toda parte. A sra
Saving checkpoint to /kaggle/working/models/v21_kaggle_0/checkpoints/14999.pth
Deleting checkpoint /kaggle/working/models/v21_kaggle_0/checkpoints/5000.pth
Saving optimizer state to /kaggle/working/models/v21_kaggle_0/checkpoints/optim.pth

Training finished. Generating text...
Generating 600 tokens from context='Escrevo sob efeito de horrores inimagináveis.'
generated_text: Escrevo sob efeito de horrores inimagináveis. A atmosfera é tão estranha que quase nunca tive certeza de que a polícia chegou perto da investigação. Nem a polícia, como eu descobri que a polícia já devia tê-lo visto pessoalmente, eu nunca soube tanto quanto eu só tinha de escapar.
O homem tinha um caso terrível de zumbidos, e quando minha investigação me procurou por completo, vi que ele me mostrou uma expressão de total perplexidade. O sujeito que disse a mim só queria ser mais ávido pelas visões que eu conseguia descrever. Ele me mostrou como meu argumento de um profissional — um horror conectivo, um tanto repulsivo, mas muito mais poderoso do que eu poderia ocultar.
"O homem do velho", disse ele em um tom sombrio, "Meu Walter", um júri que indubitavelmente havia sido investigados. "A propósito, quando o aborda de seu sangue é tão negativo, meu corpo é totalmente povoado, ou abordando de uma horda de tiro ou de um deus. Ele é tão parecido com ele quanto ele, e é um sujeito chamado Gray... mas eu não sei como ele é, nem é. Ele nunca é, e seu corpo nunca foi atingido.
"23 de anos, o verdadeiro autor derivou o seu talento para a gangue Bradley em Keene. E isso é louco. Ele diz que a maioria dos outros tem um corpo humano comum. Isso é um dos dois, mas é um dos homens que gostam de um urso, como ele é, e o que se quer saber disso. Ele é um vampiro, mas não o alimenta a pena que ele pode, apesar de seu trabalho. Ele é parecido com uma criatura que você não deve se aposentar de qualquer forma. E se ele não for o caso, ele é só mais um fanático. E, mesmo que tenha sido o leitor mais talentoso do mundo, há uma chance de escapar, e que ele não entende isso. Você é um pateta, como ele é, e é um homem que você é um homem. O que eu não acredito é o único. E há quanto mais?
"É, a maior parte que existe. Sabe o que o médico está fazendo. Não é o que ele faz as coisas. O senhor sabe sobre o qual seu fígado pode ser encontrado quando está acordado."
"Era. Eu não sou o médico que trabalha no seu corpo. O médico está aprendendo?"
— O senhor é uma figura de "é, não é? Um cara."
— Sim, senhor. — Ele me sacudiu. — Eu sempre soube o que você era. Mas o senhor nunca acreditou que a gente pudesse dizer isso. Mas não acho que eu tenho uma resposta sincera, é claro. Não é, senhor, senhor? Eu só estou tentando ser uma das mãos dele. E ele é como a sua mãe.
"Ele não parece um homem rico, não é?"
— Ele não é um alemão — eu disse. — Ele vai fazer isso porque tem uma coisa que não vai ser em vão acreditar.
— Então você me ouviu — disse ele
Saving generated text to /kaggle/working/models/v21_kaggle_0/output.txt
Training loop finished.
